x1,x2,G,F1,F2,F3,F4
149.9999963,150,-7.508262474,141.4213536,99.99999634,100,3.66E-06
150,50.00000045,-7.508264202,99.99999997,141.4213559,4.51E-07,99.99999955
50.00000202,50.00000395,-7.508261219,4.44E-06,99.99999605,99.99999798,141.421352
50.00000163,149.9999995,-7.508263313,99.99999951,1.70E-06,141.4213547,99.99999837
149.9999195,77.07934043,-0.000756318,103.6015182,123.7635103,27.07934043,72.92065957
77.08026523,50.00151243,-0.000353641,27.08026527,103.6003778,72.91973479,123.7618085
149.9998371,122.9181287,-0.000486711,123.7619526,103.6021002,72.9181287,27.0818713
86.19573595,85.56759021,-0.002491242,50.74627843,73.90309014,73.04818673,90.67810949
77.00019877,149.9908812,-0.006687623,103.5721346,27.00020031,123.8028566,72.9998018
113.1584624,115.0558049,-0.000385332,90.67110409,72.18094031,74.76333755,50.77790531
114.0379827,85.79245211,-0.002345296,73.3618624,90.6833636,50.73821358,73.59263479
86.75024912,114.9789846,-0.000160809,74.6515187,50.76467603,90.67965274,72.29801179
122.9634164,50.00001485,-0.005031005,72.96341642,123.7887603,27.03658358,103.590414
50.00002405,76.97351066,-0.011339943,26.97351066,73.02648934,103.5739613,123.8259397
149.9999966,122.9181287,-0.000521327,123.7620815,103.6022542,72.9181287,27.0818713
76.95229476,149.9430008,-0.001085012,103.5134271,26.95235503,123.7924499,73.04772748
56.95888129,51.02295896,-3.903132675,7.033667172,99.2213721,93.0467421,135.8422041
54.76622462,56.41490375,-2.698158571,7.991738685,93.70638792,95.44958336,133.520194
51.13563817,50.04317686,-6.885962149,1.136458662,99.96327408,98.86437126,140.5899304
146.3687046,60.80846413,-1.795187793,96.97293498,131.3090145,11.40215784,89.26542655
149.9995831,123.2071344,-0.029502257,123.9322442,103.5266839,73.20713445,26.79286555
147.2979339,56.39730546,-3.43950295,97.50801743,135.0124156,6.944543053,93.64168722
50.10706228,149.7013484,-7.289704806,99.70140589,0.317261891,141.1345382,99.89338416
149.8457423,149.3853306,-7.097456143,140.8780188,99.84763432,99.38545029,0.633730171
50.00014054,129.165782,-0.794057574,79.16578198,20.83421802,127.5429062,102.1471318
149.4302918,149.178355,-6.773421106,140.4376339,99.43368657,99.17999127,0.999833962
143.6503889,53.29077171,-3.236453784,93.70818811,134.6219528,7.151694881,96.91745146
52.37025635,51.71589542,-5.46669032,2.926159983,98.31268142,97.64482138,138.5327833
142.3868571,147.3759817,-3.057734009,134.228958,92.42411394,97.67313733,8.0526652
137.7614592,50.29830483,-2.517214569,87.7619662,132.8250795,12.24217571,100.4500368
50.07323373,50.34871134,-7.281136835,0.35631837,99.65131557,99.92737471,141.1231304
141.2628143,143.8926615,-1.612419301,130.9378981,91.46693865,94.29830481,10.66011244
148.1019095,59.83162023,-2.630288642,98.59333345,133.2453427,10.01316653,90.18835545
140.6687755,145.2192678,-1.836743192,131.4820741,90.79472592,95.67539242,10.48461494
96.62772434,111.8592058,-0.588812737,77.46422411,60.24006027,81.7016594,65.59969507
149.9145077,145.2558898,-5.181467804,138.0456207,100.0270735,95.25592813,4.744880484
53.76408453,141.9455277,-2.520827937,92.0225429,8.890604929,133.0989538,96.5723871
50.51069266,51.59493811,-6.415001495,1.674704322,98.40638705,99.50209094,139.9345507
141.4952715,57.02779459,-1.423108234,91.76477871,130.4423846,11.03269245,93.36038445
146.8046747,142.7264893,-2.962411401,134.0497925,97.07754115,92.78152796,7.944435863
50.58657582,129.8253259,-0.741860979,79.82748103,20.18319959,127.4955355,101.4398658
52.92202338,59.02653539,-2.513513566,9.487705823,91.0203795,97.49672756,133.0424925
143.8424974,52.09988258,-3.758503783,93.86598865,135.6128582,6.505716346,98.09356671
149.8908436,134.1816625,-1.702727275,130.6320517,101.1355548,84.18173324,15.81871415
140.9228686,61.67648922,-0.268380409,91.6695611,126.7596568,14.78968273,88.7887204
141.2052985,149.4002178,-3.439377113,134.9029643,91.20727063,99.78852672,8.815129778
69.35402176,149.3344907,-0.855231142,101.2023676,19.36546051,127.9496575,80.64872416
149.768702,59.41939549,-3.381217641,100.212369,134.7539974,9.422234881,90.58089982
53.45371925,130.5761876,-0.170704338,80.65017167,19.72847342,125.75256,98.48080429
145.0561976,143.2755849,-2.541256799,133.1766324,95.29374824,93.40650894,8.346193238
142.3786144,50.00305573,-4.090878696,92.37861446,136.136686,7.621386201,100.2869602
149.793929,58.6870234,-3.633489737,100.1713165,135.2659897,8.689467232,91.31320913
140.0559812,141.9079535,-0.821569276,128.674596,90.41880872,92.44433686,12.82048076
135.8320658,50.26882818,-2.031273416,85.83248681,131.5805843,14.17048437,100.7325022
149.867352,50.57387065,-7.130320492,99.86900081,140.9221175,0.589001706,99.42621784
50.07746212,140.7629024,-3.502190715,90.76293547,9.237422378,134.9904368,100.3485802
141.8713438,144.5166073,-1.956692759,131.8094567,92.03483805,94.86550534,9.805235676
117.4772192,100.3221216,-0.212258252,84.17535881,83.7918058,59.91700249,59.37695577
52.07004901,50.3699559,-6.253858751,2.102848138,99.65154685,97.93064979,139.7011846
63.1319087,51.62463177,-1.839044744,13.23202383,99.24797277,86.88328213,131.2393933
145.7350177,58.10186609,-2.342194247,96.07722858,132.7044108,9.155889248,91.99704936
57.47787749,147.1762766,-3.029307156,97.46356958,7.993251238,134.1773897,92.56520171
149.5170076,135.458314,-1.871288228,131.1745335,100.5738307,85.45967891,14.54970489
144.7734291,67.27763276,-0.11146804,96.33545273,125.797428,18.05086251,82.88731559
143.7819016,137.2047934,-0.66185109,128.0613957,94.65073894,87.4262017,14.22610483
50.0057634,145.0524146,-5.132913857,95.05241473,4.947588802,137.9630707,100.1165618
59.74475992,57.2474344,-1.066304229,12.14436706,93.2630622,90.54575455,129.4181084
52.81679701,53.95052471,-4.311509674,4.851905899,96.09076984,97.26346482,136.6384889
55.39710526,50.00248009,-4.948133258,5.397105828,100.1430613,94.60289477,137.6561356
133.1158995,52.18391149,-0.882687087,83.14458619,128.3598065,17.0247561,99.26258118
146.8535075,58.97409441,-2.453192579,97.26837252,132.9146998,9.509720569,91.08027176
50.85912055,53.93340484,-5.169340786,4.026134844,96.07043662,99.2188775,138.0496457
59.23453123,56.24984461,-1.445951736,11.15065579,94.20386512,90.98038733,130.4893174
149.9664576,147.9567763,-6.436690327,139.9600753,99.98733621,97.95678207,2.043498977
148.1378093,51.44733754,-5.827634492,98.14848142,139.0814758,2.358503776,98.5702543
54.82669893,51.81080612,-4.381462144,5.155195576,98.30775563,95.19052608,136.7445612
128.2189982,50.15191286,-0.609906329,78.21914574,126.8378973,21.78153153,102.1961474
55.21009491,149.872012,-4.967345574,100.007819,5.211666707,137.6936632,94.7899915
146.0435076,59.24829928,-2.111420301,96.4877525,132.1371504,10.05906915,90.83790517
52.37341864,143.4759761,-3.520680769,93.50610264,6.942334144,135.1617827,97.84432674
50.0246061,149.315362,-7.129522126,99.31536501,0.685080068,140.9206177,99.97773809
146.3523874,53.66713302,-4.089328854,96.42214695,136.2490507,5.172324645,96.40190008
140.8023122,52.95736973,-2.451265523,90.85045917,132.8997065,9.661443841,97.47753357
53.82700686,52.20240782,-4.61922133,4.415493371,97.87244259,96.19820793,137.1627269
52.37197238,55.19847434,-4.00566501,5.714051843,94.83119487,97.76633323,136.0829197
149.7100916,52.62014426,-6.03142083,99.7445112,139.3733786,2.636134075,97.38028728
141.4966681,52.20240782,-2.925753602,91.52317125,133.9253871,8.783920163,98.16657114
57.01149128,145.6140884,-2.635285417,95.87082411,8.270261802,133.3750976,93.09188458
145.178647,137.7846721,-1.125540406,129.480205,95.95930952,87.91697272,13.13239055
149.746153,55.45559521,-4.809890393,99.89523791,137.4334003,5.461497729,94.54474557
132.9675502,53.24483478,-0.588600844,83.0309782,127.4565667,17.33878019,98.24289462
51.12094386,144.0234194,-4.226548065,94.03010105,6.080791991,136.4458542,99.05951372
73.0956437,149.4695751,-0.33455276,102.1156458,23.10173389,125.7317636,76.9061855
125.3492536,149.4573226,-0.141344112,124.776877,75.35120782,102.4666693,24.65671908
146.9319827,53.65897447,-4.325856364,97.00101734,136.6652936,4.775020871,96.38986425
55.44852897,51.09157165,-4.443140692,5.556797337,99.05838514,94.55777177,136.8314944
94.50396498,116.0774997,-0.251712262,79.66705008,55.95836778,86.29047382,65.04264699
67.88280472,149.2473968,-1.090906733,100.845627,17.89863448,128.8149042,82.12064401
140.9908438,147.867195,-2.793805289,133.6312894,91.01583656,98.28098877,9.258172248
149.8237063,51.30762777,-6.729152946,99.83227046,140.3743448,1.319458168,98.69252969
127.5802778,51.46576361,-0.204826846,77.59412332,125.4101082,22.46758564,101.052658
50.0085568,130.7745797,-1.060434585,80.7745802,19.22542216,128.5411275,101.8229124
142.4939517,62.30890513,-0.470330079,93.30937923,127.4553225,14.4170006,88.01175421
54.89180819,146.6714646,-3.743567667,96.79515413,5.916834878,135.6132008,95.16641896
51.55136348,60.83769722,-2.462435246,10.94816924,89.17579809,99.04337289,132.82338
58.37630724,138.2431673,-0.392861509,88.63982792,14.43556852,127.2075377,92.37491105
149.0993992,143.5580966,-4.14402406,136.2857599,99.30855471,93.5624311,6.504552388
147.3366632,146.9902045,-4.764375931,137.4100643,97.38318579,97.02676501,4.018983944
143.8619445,62.30890513,-0.777463819,94.66558917,128.4515191,13.75444913,87.90565308
123.1560984,50.00152962,-0.024077244,73.15609838,123.9012058,26.84390168,103.5388291
149.9986667,68.88372706,-1.123501559,101.7660478,128.7617299,18.8837271,81.11627295
147.4544384,145.6646216,-4.269666217,136.5616615,97.55082299,95.69848328,5.027463587
123.7504192,50.13968541,-0.055046954,73.75055146,124.1418816,26.24995248,103.2527139
50.65053606,50.01147688,-7.154410428,0.650637295,99.99063933,99.3494646,140.9539667
57.01779923,57.38607553,-1.721832679,10.18840605,92.87942997,93.27509728,131.2365371
103.426287,118.6713259,-0.087299284,87.00643161,61.93427129,82.97506702,56.13017518
138.5495195,148.4104783,-2.280681781,132.3844388,88.56378481,99.07439502,11.56028041
50.8479523,149.3967001,-6.742702897,99.40031694,1.040669934,140.3952725,99.1538831
53.92587828,147.6077399,-4.498113698,97.68665931,4.59732843,136.9580511,96.10390092
85.00833999,90.36827295,-0.184556075,53.43389683,69.14858451,76.50825662,88.20350753
147.4005606,128.4484997,-0.068335602,125.0641288,99.75638512,78.49155487,21.70770028
56.79813051,59.15983504,-1.319317401,11.40689074,91.09418285,93.65089991,130.1480851
143.0492681,140.4977539,-1.197206024,129.7998835,93.53319719,90.76428884,11.77307757
55.44852897,53.85054126,-3.345006219,6.671816543,96.30371168,94.62984382,134.8506548
101.6622493,116.0910709,-0.315872782,83.88693378,61.79646811,81.88142526,59.04535218
50.89660963,149.0197552,-6.526560486,99.02381445,1.328453498,140.0942322,99.10823812
72.64064527,148.1108465,-0.084050747,100.6893094,22.71932479,124.9408179,77.38241832
54.44391577,144.7790127,-3.210617559,94.88313669,6.856172121,134.5883594,95.69860993
143.2854932,147.867195,-3.54679395,135.204183,93.30987137,98.0972602,7.045101772
91.03638379,82.60061686,-0.036932337,52.40977976,78.90919871,67.37587296,89.55101833
52.29530306,54.80917893,-4.186533235,5.32884773,95.21848997,97.82298302,136.4093113
149.9999966,131.4453465,-1.183982736,128.9703213,101.7068065,81.44534648,18.55465352
149.9984738,147.2250923,-6.101646598,139.4719088,100.0369676,97.22509236,2.774908072
141.8357901,141.9749632,-1.252904964,129.9738673,92.18575574,92.33660256,11.44794913
50.33510665,52.48020402,-6.075115072,2.502740189,97.52037174,99.69574905,139.4388811
51.6846961,145.5907631,-4.602834533,95.60560758,4.720124,137.125829,98.41412678
90.1967038,116.5778973,-0.063760609,77.77140483,52.27630384,89.49329947,68.50891317
134.5775825,50.08088891,-1.800061873,84.5776212,130.9091144,15.4226296,101.102323
149.9999981,128.7682931,-0.732180659,127.2966756,102.229081,78.76829314,21.23170686
144.3034529,50.07421047,-4.793997232,94.30348213,137.398343,5.697030425,100.0880316
147.3683016,147.7641067,-5.11440757,137.979733,97.39396996,97.79952145,3.4532673
148.8071939,146.9375358,-5.396840287,138.4187394,98.85464203,96.9448742,3.286559505
51.18326305,128.0079081,-0.325964803,78.01688174,22.02390106,125.8967086,101.2343796
148.8065101,148.8955925,-6.316622162,139.7965117,98.81268219,98.90279391,1.626079297
92.92891727,84.08174811,-0.217299217,54.81293179,78.66452739,66.47310764,87.1913093
64.3896193,50.64176627,-1.855163825,14.40392334,100.3948194,85.61278612,131.1533297
54.58650921,51.32371421,-4.687397542,4.773707788,98.78281958,95.42267259,137.2615882
56.84050374,142.248977,-1.67141582,92.50224999,10.33783578,131.1051696,93.48138906
126.9898212,50.85848019,-0.268301812,76.99460735,125.5247925,23.0261876,101.776762
50.16588717,131.2334215,-1.097095221,81.23359089,18.76731166,128.7078819,101.5826489
52.38912305,132.8270858,-0.777259777,82.8615354,17.33830705,128.0164421,99.11000092
54.72832299,61.72378183,-1.260235665,12.64136459,88.40275863,95.99030941,129.8821894
126.9124732,51.87272447,-0.03385941,76.93526911,124.6775471,23.16335446,100.8067264
129.2371632,149.5727081,-0.691398462,127.2527101,79.23831531,101.7144021,20.76723307
147.9869106,149.0834328,-6.011492454,139.3519333,97.99119731,99.10388076,2.211927731
134.8089424,149.0874843,-1.587310587,130.4257883,84.81385141,100.2451883,15.21844002
87.88220018,88.96677217,-0.29939536,54.34584091,71.83394733,73.32823732,87.08430372
143.6809063,146.325053,-3.107534195,134.3675111,93.75295968,96.53210229,7.310005498
114.6003687,113.3747095,-0.017291238,90.49619567,74.26048436,72.59123707,50.93668429
126.0587622,50.23986029,-0.29630312,76.05914042,125.4472829,23.94243931,102.5927305
50.2744998,58.36874769,-3.71390208,8.373248354,91.63166347,100.0760277,135.4306531
83.85277912,101.1849905,-0.314790696,61.36704254,59.4046783,83.63825731,82.20924509
139.8253097,58.80451577,-0.615042169,90.25577964,128.0046976,13.45525254,91.76132446
50.09825324,76.24480973,-0.064702496,26.24499365,73.75525571,103.291573,124.178046
147.8892605,146.2719791,-4.699590299,137.2974919,97.96022382,96.29511504,4.284082314
51.10895146,131.0116506,-0.79792664,81.01924034,19.02070416,127.8371113,100.6975516
143.6504679,134.1075669,-0.096358367,125.8749099,94.98936559,84.34689895,17.11391213
142.525389,52.39289104,-3.188446409,92.55632626,134.4919898,7.848295208,97.89288805
72.85776546,149.9952797,-0.495118577,102.5745261,22.85776594,126.2932315,77.14223469
50.34153121,72.04463769,-0.523523776,22.04728316,77.95611045,102.0675093,126.52608
147.7719692,52.23253108,-5.295686607,97.79745471,138.2672627,3.154095191,97.79285301
148.2056918,148.0292921,-5.613769299,138.7591439,98.22546308,98.04571207,2.665188803
60.00800968,50.00277141,-3.283568709,10.00801007,100.4967959,89.99199036,134.5288224
54.83351252,55.09351487,-3.11749364,7.021875603,95.02948891,95.30269793,134.4020136
94.51874091,113.5096057,-0.435688274,77.55893442,57.56272378,84.33054088,66.40571502
56.756067,142.4612535,-1.752799591,92.70775505,10.12309931,131.314563,93.5481894
113.7519562,113.8463065,-0.041877205,90.2256215,73.28984561,73.41846864,51.19580287
70.93050551,50.62127261,-0.615486165,20.93972398,101.5589362,79.07193522,126.9965213
148.2818107,55.87942386,-4.014789133,98.4575134,136.0808479,6.125340748,94.13625777
63.32999374,149.1367182,-2.037968312,100.028884,13.35791857,131.6805942,86.67430553
131.4678105,51.05203468,-0.891214127,81.47460292,128.170605,18.56202644,100.6684752
52.86627184,147.0764219,-4.714448754,97.11872735,4.094242691,137.3273201,97.17771583
132.1251305,149.6366976,-1.204623576,129.1201324,82.12593413,101.22738,17.87856109
100.6577579,88.96701738,-0.666551347,63.911164,79.31729577,62.87356594,78.48364045
136.7782822,53.40337182,-1.287991333,86.84499528,129.8513721,13.65271991,97.4972943
149.4901761,70.97756306,-0.637054081,101.6776932,127.0544792,20.98375734,79.02408153
123.3890622,50.00155604,-0.047890444,73.38906222,124.038878,26.61093784,103.478649
50.10195593,52.7819169,-6.048399905,2.783784588,97.21813657,99.93677137,139.3950318
55.42847845,142.0304502,-2.017946824,92.1904124,9.642722778,131.9597531,94.9067248
149.9707751,68.36228028,-1.211106238,101.6431464,129.0692572,18.36230354,81.63772495
149.2272932,53.08316705,-5.584445167,99.27518135,138.7044636,3.178520863,96.91991325
147.181392,53.02290028,-4.692638113,97.22839544,137.2908621,4.133095336,97.01805204
52.80923144,55.14863165,-3.850078581,5.865167447,94.89296001,97.32704609,135.8043724
146.3906553,54.33605533,-3.84454706,96.48813297,135.8040822,5.641696994,95.73200969
50.11290189,50.56936381,-7.143169067,0.58044981,99.43070029,99.88872081,140.9392911
50.00129793,53.37057089,-5.825500702,3.370571141,96.62942912,100.0554904,139.0574953
146.17215,141.1265617,-2.258394964,132.488236,96.58064167,91.20692231,9.66386793
50.25705856,75.49492896,-0.110219056,25.49622486,74.50551449,102.9497245,124.4976304
142.7970706,52.89974432,-3.092032331,92.84236554,134.3121587,7.764709161,97.36704701
149.3350823,147.0830162,-5.711338902,138.8976984,99.37790182,97.08529322,2.991807104
149.9912267,54.61571851,-5.271970925,100.0977036,138.1897484,4.615726852,95.38428189
69.96558523,148.775467,-0.609824918,100.773099,20.00310163,127.1302499,80.04378195
55.44999805,60.32946269,-1.392471629,11.67905297,89.83600469,95.1125684,130.3092788
108.5416222,87.77015017,-0.411040259,69.66854219,85.43813983,56.08369938,74.77533886
52.38859749,141.8318759,-2.964395607,91.86293502,8.510208525,134.0189514,97.95256072
147.9322206,130.1272807,-0.417644802,126.5349792,99.92819827,80.153957,19.98000711
56.76375102,56.80544589,-1.957377989,9.594916446,93.43967703,93.48428861,131.8264884
140.9121692,149.94853,-3.562042784,135.1100705,90.91218374,100.3608356,9.087976586
95.6068625,111.0505364,-0.616243748,76.20468421,59.97538349,81.76662765,66.90047927
50.39225734,128.5655573,-0.598967911,78.56653654,21.4380316,126.863112,101.8878684
52.83775321,58.24531125,-2.77968026,8.719977119,91.79856072,97.51147296,133.6391601
132.7246495,149.3621322,-1.239215304,129.291148,82.72710865,100.8527196,17.2871227
58.63821907,50.75766179,-3.428744295,8.671382821,99.61757136,91.36492252,134.8926118
110.184311,85.86715044,-0.217143931,70.06142859,87.9498362,53.58863283,75.48716103
59.2712223,143.0033766,-1.240998626,93.46434412,11.61500331,129.9282077,90.99815296
71.24280571,50.09887956,-0.704197221,21.24303583,102.1346692,78.75725636,127.2121438
113.9632811,93.54421069,-0.376426186,77.37828907,85.31446233,56.52206109,66.97687102
104.6160766,81.31738045,-0.065053363,62.95787593,87.75088633,55.140537,82.32255299
132.8304955,53.40337182,-0.527639635,82.9003856,127.2470022,17.50356601,98.11065415
86.25361244,85.78530642,-0.019546555,50.94028436,73.74178793,73.10396762,90.48275415
142.8122711,142.6419846,-1.682657408,131.1360171,93.1034804,92.92040008,10.28609923
50.53185108,145.4403332,-5.052979541,95.44181505,4.590580271,137.8505344,99.57260272
145.396219,141.5737397,-2.14049225,132.2353523,95.76763784,91.68939201,9.601909287
143.131957,57.65955358,-1.688587652,93.44640268,131.1499884,10.28779742,92.59550777
149.9986667,74.13357304,-0.32938635,102.8696393,125.5207078,24.13357308,75.86642697
129.7571378,51.87040541,-0.409744239,79.77906645,126.4540168,20.32908968,100.1957624
63.99645166,143.4761266,-0.371744361,94.51818294,15.44220137,127.0212446,86.25063044
149.899935,131.0893544,-1.090131644,128.6681018,101.6740357,81.08941614,18.91091035
82.35252214,106.8633421,-0.091367193,65.42266705,53.92083961,88.37205969,80.23062081
90.32416237,83.14871372,-0.049036895,52.20033805,78.07132988,68.26450628,89.61194158
144.2149151,63.90218674,-0.550369828,95.2350829,127.629478,15.05782202,86.29195013
105.0104833,89.92032672,-0.654620086,67.96900588,81.45993136,60.1472285,75.05746967
50.00058646,71.73585105,-0.655952437,21.73585105,78.26414896,102.3344025,126.9848799
68.221706,50.67878749,-1.049622296,18.23434458,100.9788781,81.78111103,128.6561022
139.6385414,141.7065191,-0.687123822,128.2386594,90.02138601,92.29000739,13.27183669
110.8077468,115.0558049,-0.125245272,89.04964801,70.13329337,75.94926241,52.50837541
64.06591974,147.8322517,-1.456071919,98.83824951,14.23197917,130.2144985,85.96141741
149.2679264,63.13026409,-2.131962216,100.1325374,131.9108496,13.15065652,86.87282054
148.9315902,53.79984482,-5.131103461,99.00453709,137.9924976,3.947191418,96.20608794
138.8109381,55.47288149,-1.184404722,88.9794086,129.7025785,12.45582347,95.18703294
149.9984738,129.6977637,-0.879273929,127.8727036,102.0385984,79.69776376,20.30223631
147.1906397,133.8524301,-0.854889556,128.3637428,98.52291341,83.89947873,16.39013484
52.48097137,53.80074136,-4.511872981,4.538816347,96.23124535,97.59306625,136.9826935
58.689189,59.47890978,-0.788410506,12.8589166,90.93717491,91.80149201,128.575783
58.78299892,57.75496719,-1.16837024,11.71667983,92.66222072,91.54605836,129.7292849
142.2961393,53.61129478,-2.680165738,92.3667623,133.4517134,8.508285364,96.69608039
145.2773925,61.62742037,-1.283829239,95.9842613,129.9518924,12.54989747,88.49867712
149.9998867,123.6237179,-0.072643727,124.1790206,103.4199477,73.62371789,26.37628211
105.6381882,88.69506269,-0.569314723,67.77105475,82.78830427,58.86661382,75.67209318
141.3183385,142.9528623,-1.373279899,130.3045416,91.58985261,93.35740924,11.18183327
145.0682776,148.325068,-4.397402678,136.7691355,95.08303111,98.44867135,5.208385812
135.1412675,57.00854894,-0.128999774,85.42924087,126.0811065,16.42868493,94.17107784
108.1746055,85.60524562,-0.286388998,68.20570537,86.78115649,54.92810881,76.78572793
149.149507,50.07848632,-7.014452547,99.14953809,140.7655272,0.854106787,99.92513314
52.86627184,149.4225583,-5.776648243,99.46386583,2.923859306,138.9957058,97.13544453
133.1196228,144.946318,-0.206769665,126.1890447,83.27311329,96.43521365,17.62063666
59.23453123,53.80074136,-2.164568898,9.986100432,96.64147107,90.84501063,132.2598491
132.2871489,50.21228166,-1.2801798,82.28742272,129.3397217,17.71412311,101.3475891
87.62947669,87.49388624,-0.203257454,53.12032588,72.95883616,72.77275371,88.30116893
73.26936965,148.6915818,-0.134040673,101.3976917,23.30612627,125.0104714,76.74178518
58.61079094,61.24782488,-0.441522429,14.16542569,89.16890887,92.07877658,127.3928417
70.93050551,51.01572986,-0.515991798,20.95513703,101.1729796,79.07601828,126.6880843
106.2855033,81.42206604,-0.033501534,64.46242407,88.7186052,53.83589375,81.32582767
55.84544394,133.897507,-0.164297012,84.10089714,17.1306595,126.1105551,95.52157195
62.84082175,149.872012,-2.416214301,100.6941184,12.84145958,132.556181,87.15927222
130.5897702,50.97303121,-0.763698208,80.59564411,127.6755717,19.43460344,100.9113352
148.6451019,149.5503611,-6.56508139,140.1468178,98.64612665,99.55958091,1.427558748
51.16681517,59.68920353,-2.937352969,9.759207073,90.31833378,99.30699416,133.8806871
99.71094217,100.2721186,-0.999553913,70.69981386,70.31386748,71.10749079,70.72376917
61.56339262,145.8769406,-1.464977289,96.57173389,12.27646805,130.4355061,88.5326671
51.45540681,149.6818628,-6.581950199,99.69248704,1.489771891,140.1695781,98.54510672
148.3214633,130.5538142,-0.577254379,127.1063614,100.2260659,80.57130048,19.51849455
50.0246061,149.1995774,-7.068976322,99.19958041,0.800800763,140.8390412,99.97859802
57.87192466,146.6714646,-2.724946726,96.99143918,8.546715482,133.5400851,92.18818478
130.448766,147.6551494,-0.400389892,126.5248282,80.48293153,99.59306677,19.69134523
87.24424616,113.5772925,-0.117183174,73.68314594,52.09364157,89.33284259,72.55961866
111.7598185,115.1808613,-0.068597322,89.79320608,70.89885475,75.5702068,51.71734625
50.0057506,142.4612535,-4.119700688,92.46125371,7.538748661,136.1907975,100.2780266
147.1891573,134.1075669,-0.902337792,128.5294328,98.47995597,84.15452241,16.13909128
146.4556339,57.3389554,-2.818384064,96.73442805,133.7526018,8.150018259,92.72880738
147.8144008,146.9745181,-4.964905533,137.7378458,97.86117999,96.99914432,3.732343055
125.8130604,149.5727081,-0.222330282,125.1492882,75.8142645,102.4682012,24.19071365
147.0698161,60.05680617,-2.215831787,97.58938746,132.3341502,10.47498583,89.99091118
50.2564214,134.7052617,-1.771892018,84.70564982,15.29688764,130.8577962,100.9094173
57.54980429,142.8196614,-1.632591962,93.12619978,10.41905981,131.0058328,92.72861452
58.85220026,139.6488916,-0.568716204,90.08487786,13.62009155,127.8469599,91.73367344
52.55949313,147.2250923,-4.909826247,97.2587764,3.775065241,137.6494495,97.48001073
95.63375924,118.5402701,-0.081833494,82.3420221,55.4270204,87.48403714,62.81244098
54.44679788,141.5737397,-2.189669035,91.68164385,9.527637359,132.3486465,95.92401314
147.9064503,146.019366,-4.602494209,137.1327519,97.98733822,96.04218658,4.497599057
50.00643415,75.77283039,-0.136119164,25.77283119,74.22716989,103.2615708,124.5326701
145.1780021,140.4681581,-1.771387887,131.3138976,95.65410649,90.59657438,10.68211939
149.5170076,126.8981298,-0.345080339,125.7654848,102.1632576,76.8996466,23.10691864
50.02613795,76.49116895,-0.054867083,26.49118184,73.5088357,103.4241516,124.0899727
62.38713177,145.7449695,-1.238643646,96.54294496,13.09756916,129.7810228,87.71613286
149.9855883,53.6260302,-5.703295431,100.0513167,138.870659,3.626058842,96.37397087
62.49046407,59.4979699,-0.04896499,15.69149849,91.35988805,88.02346455,125.89097
138.6827384,50.00152962,-2.886475483,88.68273842,133.6574808,11.3172617,100.6368446
61.75850247,57.09765273,-0.667032118,13.73459336,93.64351824,88.52648508,128.1304336
57.29975419,59.34071124,-1.147933947,11.85475844,90.95269677,93.16965418,129.662802
50.13099629,131.9361714,-1.237179751,81.93627614,18.06430355,129.1795421,101.4895059
50.4645589,125.7838487,-0.2102211,75.78527253,24.22060694,125.1019414,102.4388892
83.28943532,89.76744512,-0.035036169,51.86170258,68.8196714,77.66433629,89.87914167
135.1715009,53.61129478,-0.899021844,85.24802642,128.6272407,15.26190803,97.52264804
75.48997095,149.4997074,-0.056880808,102.7128541,25.49488011,124.3058173,74.51170862
136.6322052,148.4114181,-1.793722053,131.1104351,86.646769,99.31518087,13.46185459
149.8906536,139.2561013,-3.015455105,133.9581811,100.4667808,89.25616824,10.74445517
94.54351045,87.57230293,-0.506595585,58.2735126,76.68990602,66.98582074,83.50233287
149.8908436,138.9515688,-2.924759076,133.7556064,100.4999924,88.95163577,11.04897041
99.01905037,88.38126218,-0.630438461,62.257438,78.73840328,63.81362324,79.97453392
145.0882687,146.7076345,-3.750102031,135.6250177,95.14524955,96.83228636,5.913101967
86.88661654,111.5159781,-0.214534286,71.72752635,53.30705793,88.13350513,73.92103298
124.5133174,50.08158806,-0.15077307,74.51336207,124.6431848,25.48681319,103.1176999
63.99645166,142.1500765,-0.105776517,93.2069593,16.0474907,126.0485896,86.36105387
53.21150069,64.85018718,-0.999074514,15.19347873,85.2103536,97.92109914,128.9127776
56.95888129,143.0268604,-1.853564508,93.28677711,9.851431615,131.5699302,93.30206025
52.83485831,50.44363488,-5.855932791,2.869361178,99.5967181,97.16615445,139.1133875
149.9995831,124.7106229,-0.191696215,124.8262545,103.1478028,74.7106229,25.2893771
148.6906989,148.0292921,-5.84226805,139.1028259,98.71037302,98.03803539,2.366000607
143.7564968,50.29718312,-4.479012756,93.75696778,136.8609966,6.250571986,99.89811322
93.97846768,111.0251664,-0.573880139,75.22085182,58.76345188,82.8401051,68.24551077
144.0264462,146.4296238,-3.26369147,134.6834991,94.09420907,96.61446935,6.959233492
102.2248745,81.92561389,-0.152178547,61.21014898,85.79953123,57.4604859,83.16600665
124.8930475,50.00144213,-0.212436292,74.89304753,124.9347035,25.10695253,103.1022339
56.95888129,142.7593274,-1.778458138,93.01999164,10.0425778,131.3809065,93.32243626
135.5118103,51.86396796,-1.452937441,85.53212305,130.1650893,14.60760138,99.19974005
52.07854552,66.91676587,-0.904621872,17.0439819,83.1092302,99.37196896,128.4189824
67.63461592,52.09943315,-0.770707946,17.75914688,99.47613115,82.39213624,127.9397416
146.255518,146.0354978,-3.934868719,135.9703702,96.3371269,96.10846988,5.453294722
140.6687755,138.3164391,-0.218440125,126.5725889,91.41844698,88.80802424,14.95250298
92.94654191,115.3262394,-0.261251219,78.17878882,55.19669495,86.73300779,66.76351362
144.1923878,146.9035662,-3.498308104,135.1388436,94.24326933,97.07744074,6.581509121
55.08262969,66.52915255,-0.255386009,17.29294679,83.62544767,96.34583577,126.3989302
140.5770419,147.9235267,-2.688587668,133.3912201,90.60084028,98.37585688,9.649035233
105.7237499,103.2848599,-0.878291283,77.10001686,72.71478957,69.27959738,64.36373696
149.536728,124.1038755,-0.021523823,124.092484,102.8502284,74.10532361,25.90026803
148.355273,71.3130912,-0.310737088,100.6380026,125.9578871,21.37645863,78.7040961
149.9999963,148.2020386,-6.574601286,140.1557693,100.0161584,98.20203863,1.797961372
140.5763683,146.7673704,-2.294653131,132.5443415,90.63403552,97.22514493,9.962666712
89.78661528,106.9429147,-0.587512232,69.46560505,58.6249721,82.87428569,74.02407917
90.466664,86.70983388,-0.301926569,54.63664337,75.12120887,69.9416185,86.88994892
117.4772192,104.5366131,-0.164984777,86.76068973,81.36396414,63.49782232,55.89857617
139.7903637,53.54672337,-1.977591812,89.86038424,131.7783897,10.8081414,96.99211951
97.97930316,111.360466,-0.637777695,77.89172175,61.60379146,80.44414014,64.80097599
146.782695,149.9438375,-5.868808517,139.1246229,96.78271133,99.99560842,3.217795129
148.8673585,53.21796819,-5.355605031,98.91971435,138.3528686,3.411480052,96.78865924
71.40943273,51.10121419,-0.425946303,21.43773502,101.1895926,78.59828202,126.3227893
83.85967288,111.0682692,-0.037082214,69.82700736,51.59609585,90.02153287,76.74778519
50.77842454,148.3932357,-6.275270962,98.39631489,1.78539524,139.7360006,99.23458434
83.17180606,96.67588535,-0.238687006,57.26261424,62.79991975,81.5146967,85.49543093
115.3356729,111.1752042,-0.087947044,89.50505998,76.00075609,70.31373393,52.04786588
50.77842454,147.748837,-5.965891797,97.75193649,2.381948664,139.2830075,99.24710964
89.33896202,115.7118537,-0.086936741,76.587216,52.18458495,89.43047161,69.68097662
60.12566659,56.6259817,-1.132734193,12.10094036,93.92143747,90.11825253,129.5997805
83.3897923,88.94772326,-0.004229559,51.30110503,69.58634007,77.16116197,90.35651755
99.16889643,114.4992581,-0.439742642,81.10323463,60.64555263,82.12158901,62.00083684
133.5960397,52.29865906,-0.941234933,83.6276371,128.5840187,16.56423095,99.0688747
71.16954792,147.3605457,-0.108772646,99.63546362,21.33345913,125.2729661,78.8746277
57.62325557,148.2305571,-3.374309113,98.52591724,7.825915524,134.8432618,92.39368939
148.1327734,138.279198,-2.116054516,131.9971894,98.83025055,88.29894295,11.86860294
60.14973168,145.5907631,-1.731983776,96.1280971,11.06609338,131.189423,89.95839087
107.4127725,84.35886996,-0.226154301,66.90858236,87.20656169,54.71931916,78.24595771
147.9064503,142.7014716,-3.360255048,134.8303966,98.17811121,92.7251087,7.592856353
65.08903026,56.49121463,-0.194509792,16.4260373,94.7183814,85.15872621,126.3082172
147.9213978,53.36769013,-4.865162288,97.97929112,137.5732658,3.957514853,96.6546631
90.06839846,116.0955995,-0.093234013,77.29233355,52.48795032,89.2212146,68.85713644
144.5690204,137.5621443,-0.922261244,128.8814522,95.38343602,87.73040895,13.57187511
149.179798,142.6570182,-3.848658422,135.727504,99.45125294,92.66064834,7.388647588
51.69460547,67.85645526,-0.837563739,17.93668537,82.16102257,99.91398095,128.1074258
51.34313845,50.09630875,-6.752634075,1.346586896,99.91271964,98.65690856,140.4062814
100.89819,112.119562,-0.599977219,80.30856572,63.44724845,79.18224371,62.01544426
147.0987709,143.8702578,-3.45798139,135.0547911,97.29206053,93.915081,6.781656832
58.03990839,137.5621443,-0.335711922,87.9304796,14.81014454,126.9794769,92.79740677
86.25361244,86.76451943,-0.078855726,51.63288007,72.89067443,73.58825868,89.79046681
98.14332557,118.9923574,-0.078820598,84.12921712,57.26476838,86.30793741,60.42010083
50.45014746,74.94784089,-0.128150331,24.95190169,75.05350904,102.6282997,124.6715674
85.33879021,94.79751742,-0.36335893,57.05828301,65.54497827,78.66314015,85.0199161
59.2457328,138.0291326,-0.183738233,88.51334229,15.12564845,126.4336395,91.5403664
50.22493711,137.8727422,-2.574141038,87.8730301,12.12934369,132.9536837,100.5093705
104.4756562,118.0081968,-0.123340548,87.13616902,63.17493639,81.83874825,55.64118394
52.18182749,143.6094924,-3.642358235,93.63491567,6.752700121,135.3925106,98.0266977
57.12352757,143.8880506,-2.056417158,94.157903,9.386190388,132.0643979,93.0773606
99.94696586,114.0803773,-0.471295058,81.2465024,61.52169287,81.3117518,61.60783654
55.47063832,143.2114308,-2.352597082,93.37183042,8.718517959,132.7560584,94.77280671
149.8009707,54.98098888,-5.029524593,99.92519206,137.8000226,4.98496368,95.01921956
129.671994,148.1260677,-0.396475333,126.3975941,79.69402899,100.2095454,20.41419723
86.72518336,85.6037592,-0.036080851,51.15043267,74.13241478,72.60392614,90.280553
149.9698658,73.82947487,-0.360688203,102.7707057,125.6818323,23.82949392,76.17053109
111.2489947,86.2990257,-0.192089602,71.19732167,88.36998061,53.09670123,74.56174985
58.06841679,136.4056967,-0.13003957,86.78158664,15.80836584,126.1640219,92.93127069
95.63375924,119.2631075,-0.021489711,82.94466853,55.01996497,88.05149737,62.45354031
76.5741223,149.988997,-0.049608973,103.4600575,26.57412458,124.0530493,73.42587853
50.04236922,60.6207721,-3.078385038,10.62085661,89.37923794,100.5202902,134.0901724
51.2416659,125.6811957,-0.025930861,75.6913807,24.35048209,124.4220717,101.7084696
82.38048537,108.0728843,-0.053384468,66.49026792,52.9752665,89.1339366,79.56306798
149.5214899,126.2656783,-0.265758948,125.3833348,102.3124869,76.26717945,23.73914483
54.97150547,139.539059,-1.492346889,89.67697006,11.58219118,130.5666798,95.60254211
52.64989408,135.6660467,-1.258763805,85.70702124,14.57683631,129.6754205,98.39972227
89.17332047,98.79207647,-0.675717746,62.57168499,64.4732539,77.97789218,79.51186311
149.9995831,124.4405514,-0.161166657,124.6647999,103.21435,74.4405514,25.5594486
149.9767522,50.07024123,-7.457565498,99.97677687,141.3552534,0.07398845,99.92976147
88.05676269,102.0256429,-0.602425738,64.45917085,61.23606883,80.89272012,78.34860297
144.4419845,62.27463273,-0.924994104,95.23631156,128.8992959,13.47435138,87.90126051
109.1002813,97.62108676,-0.756035592,75.8986901,78.9708415,62.77383922,66.45553054
97.62599738,104.6189157,-0.924259685,72.46696887,65.78509284,75.67206949,69.29992037
136.597122,145.9683902,-1.078299774,129.2632719,86.69091885,96.89978873,13.99610721
50.49344995,67.41115345,-1.255286808,17.41814449,82.59032066,101.0183239,129.3153938
110.8170358,96.89635934,-0.6547876,76.79830964,80.73851929,61.11115448,65.99470686
73.91398533,50.27236953,-0.291982241,23.91553637,102.5547609,76.08650217,125.4379604
130.6788982,149.9296529,-1.026011759,128.4329402,80.67892885,101.7803542,19.32122988
135.5782006,146.2657726,-0.947441366,128.8049975,85.65963384,97.34005994,14.89740759
138.6716598,141.9021758,-0.533237357,127.7054156,89.04065368,92.59773866,13.92501522
87.25059118,87.6435476,-0.189842185,52.95888235,72.6356228,73.1746198,88.46363921
143.377322,135.5036016,-0.265366593,126.6103872,94.49587199,85.75969768,15.93754786
63.55960194,51.0527859,-1.919338375,13.60041039,99.87198798,86.44680894,131.3868091
140.8374296,149.1995774,-3.241108421,134.5064859,90.84095599,99.62182916,9.197465606
94.76957509,93.01032188,-0.789073617,62.08222485,72.47163767,70.00205443,79.36134606
50.4645589,124.6096579,-0.075595367,74.61110418,25.39459169,124.3941521,102.7227994
73.71659276,149.8695467,-0.350757152,102.6469831,23.71695154,125.6705398,76.28351878
51.69460547,63.87778163,-1.64112695,13.9808623,86.13888892,99.28012599,130.6942504
149.8908436,136.1195776,-2.156050507,131.8892046,100.8506161,86.11964676,13.88085162
50.00184211,60.41683045,-3.156473973,10.41683061,89.58316957,100.5392557,134.256381
147.8738233,127.6001112,-0.06287462,124.9042135,100.4043839,77.62923341,22.50056993
76.02432686,50.00720543,-0.108538933,26.02432785,103.3238818,73.9756735,124.3823106
100.2284476,84.05792389,-0.33386518,60.68639988,82.89302958,60.30878547,82.61697663
112.5254031,85.02183324,-0.041008561,71.66557641,90.17531921,51.29204824,75.01004976
142.5347428,52.95736973,-2.985222957,92.58198887,134.0893386,8.029701157,97.32934888
50.12880773,52.19393445,-6.315111377,2.197712405,97.80615037,99.89528714,139.7865569
107.4127725,90.93748458,-0.627518201,70.51314836,82.36872693,59.0724097,72.81519534
75.1888479,50.24614584,-0.146871301,25.19005054,102.8849332,74.81155704,124.6897746
142.339974,144.2554421,-2.011333081,131.9498358,92.51848868,94.5661904,9.574755519
56.09604943,51.30762777,-4.103107754,6.234718038,98.88046397,93.91305459,136.2282506
50.04789138,123.7162438,-0.071764598,73.71625937,26.28379981,124.1954452,103.3501807
50.90459342,146.0572601,-5.144494687,96.06151937,4.045180756,138.0104953,99.17381108
62.83594976,144.0870018,-0.724754486,94.95854627,14.13241501,128.2573022,87.36438177
92.04794726,112.2968343,-0.430996457,75.15933363,56.47617704,85.0842875,69.13732075
133.8074127,149.4357734,-1.479737489,130.0428985,83.80931202,100.7455851,16.20241445
126.3906385,51.09157165,-0.141091076,76.39843703,124.9736246,23.63458226,101.6871631
71.87367191,149.5714496,-0.525942768,101.9457262,21.8778696,126.5630148,78.12750346
58.86077974,51.62104884,-3.026339459,9.007841969,98.77718081,91.15363552,134.1073283
68.93571639,52.09943315,-0.554058259,19.05174466,99.71500561,81.09146501,127.1060151
98.60305726,84.48269071,-0.361605866,59.592895,81.57680425,61.89266258,83.27162505
50.95196529,72.35035072,-0.332454876,22.37061499,77.65548449,101.5384231,125.8569871
52.29293093,149.7671207,-6.215162551,99.7934662,2.304726671,139.6429365,97.7073466
50.00748831,65.36933694,-1.836095037,15.36933876,84.63066339,101.1667876,130.9994333
142.0267456,57.86986452,-1.34005916,92.36263682,130.2186,11.20301534,92.4745081
145.3507156,143.9623599,-2.860752307,133.8681591,95.54167706,94.07731353,7.620298157
133.8215715,51.05083136,-1.33620406,83.82815814,129.6803525,16.2125197,100.2630516
95.84253458,114.7712236,-0.379298216,79.35268981,57.81526325,84.42951181,64.60725772
144.4990769,55.87942386,-2.62846084,94.68179953,133.3745043,8.051570017,94.28119117
104.3550006,118.6713259,-0.071191414,87.57977557,62.73716528,82.45736459,55.36200677
54.72832299,57.56295926,-2.35378208,8.919382888,92.5578929,95.57139108,132.7452407
51.02531702,61.98855993,-2.328952329,12.03232497,88.01741225,99.69811152,132.446221
95.63375924,118.7318764,-0.065943495,82.50158071,55.31849179,87.63423402,62.71669384
50.01188082,128.9323231,-0.754333328,78.93232403,21.06768021,127.3889148,102.1835162
110.5478449,92.91312849,-0.564466425,74.21305892,83.21629897,58.29244499,69.39296394
107.7618886,81.91729187,-0.027835549,65.99355497,89.28432631,52.94120864,80.12061656
68.50018455,149.2259809,-0.973002732,100.9358812,18.51636935,128.4056666,81.50349087
111.5891022,114.6024922,-0.116082116,89.25636961,71.0366178,75.15902521,52.23390301
64.38454998,142.5098882,-0.111778054,93.6215504,16.21780048,126.0479461,85.94246364
55.77124512,57.20265714,-2.135697842,9.229601302,92.97663207,94.50363229,132.2512952
50.76478984,63.43723028,-2.044180642,13.45897697,86.56614815,100.1408313,131.6842437
53.45014459,51.59493811,-5.043809106,3.800963729,98.46552546,96.56302816,137.8601856
57.94228848,53.55342582,-2.6260539,8.70096439,96.77304179,92.12626708,133.3287813
130.0704366,50.3269262,-0.85132832,80.07110401,127.8514625,19.93224469,101.6459991
103.1368844,107.070269,-0.833608278,77.97784361,68.31171415,73.84556321,63.55401955
136.7878926,142.0514641,-0.21745209,126.5132813,87.15111894,92.99479462,15.41878735
54.64511384,63.77739803,-0.844469774,14.53938716,86.3476356,96.3450622,128.5569578
115.143815,87.24606018,-0.01741238,75.03989362,90.45315694,51.01198516,71.78447321
136.6991385,50.51597325,-2.162160926,86.70067387,131.9614042,13.31086565,100.3692408
99.70837401,117.1020898,-0.242607304,83.50816067,59.60868179,83.85665207,60.09592451
50.2564214,124.9851416,-0.164331635,74.98558008,25.01617258,124.7860286,102.8325076
69.23978897,52.09943315,-0.506281908,19.3539944,99.77319514,80.78749473,126.9123031
64.60635629,149.9461787,-1.99824797,101.0078426,14.60645545,131.4584079,85.39366068
50.58657582,135.0831888,-1.751247043,85.08521074,14.92833975,130.8517402,100.5263158
50.04900272,56.79893626,-4.375368004,6.799112851,93.20107662,100.1819714,136.6625045
148.8422907,74.48817268,-0.024888467,101.8305898,124.3858291,24.51552349,75.52070151
55.92644042,145.5907631,-2.980577763,95.77430081,7.386749333,134.1172197,94.17683357
114.3714935,87.21177933,-0.06565245,74.35324942,89.92246567,51.51802592,72.19245894
137.2668424,144.7889651,-0.91546198,128.8427324,87.42228934,95.64037434,13.75820433
52.00644209,148.3607919,-5.669570189,98.38125425,2.590909718,138.8437351,98.00726705
146.3391325,69.79337452,-0.076397453,98.35144188,125.3568156,20.12907415,80.29012842
145.9317454,50.03226284,-5.497999765,95.93175085,138.5512477,4.068382506,100.0504831
55.14685421,141.8222044,-2.044043237,91.966338,9.662631604,132.0168038,95.20501881
114.9564318,87.09499372,-0.021265304,74.80224994,90.42332582,51.03028737,72.00757935
88.44789165,116.0956485,-0.016271095,76.46486202,51.26153941,90.31775459,70.27209327
51.72377372,69.06611157,-0.626419093,19.14387647,80.95224328,100.1086073,127.3126504
149.8421165,55.98578534,-4.641287558,100.021387,137.1390564,5.987867173,94.01434724
70.42667952,50.29738941,-0.778656209,20.42884423,101.7735712,79.5738762,127.5638032
148.2858241,144.1611654,-4.031638974,136.1118228,98.45910425,94.17676716,6.085259911
51.5856624,50.15191286,-6.602102499,1.592922707,99.8606771,98.41445485,140.1963707
68.221706,52.99512462,-0.452764524,18.46622163,98.70145093,81.83312374,126.8764565
99.64964099,105.0467169,-0.92810083,74.12980433,66.97674606,74.60093627,67.49782453
75.78499115,149.9430008,-0.12333293,103.215644,25.78505415,124.4848221,74.21503074
55.6680904,59.77934593,-1.467922243,11.30322324,90.39852693,94.83746504,130.5307458
63.99645166,51.29624243,-1.737638308,14.05634745,99.69118526,86.01331624,130.9161643
52.28100883,51.43603584,-5.637708925,2.695403537,98.59035466,97.72954228,138.7942948
143.7680636,56.36297856,-2.246443185,93.98370735,132.5154389,8.906431805,93.84417305
131.2065425,53.66841881,-0.214632699,81.28935876,125.9931589,19.14814195,98.14768249
55.39710526,53.24209591,-3.590740167,6.296025022,96.90831104,94.65843269,135.3210985
137.2391051,52.3045827,-1.715991159,87.26953973,130.9773111,12.96732584,98.52530131
50.11490198,63.88776991,-2.152253732,13.88824523,86.11230675,100.8459367,131.8800553
72.27595014,149.9952797,-0.576358329,102.4464441,22.27595064,126.6494528,77.72405001
57.33902049,139.6488916,-0.907473644,89.94879094,12.68884022,128.9301396,93.23734536
102.505735,88.86286191,-0.645169041,65.32361171,80.58909272,61.36796592,77.41740669
127.7711814,149.9438375,-0.569869683,126.6377799,77.77120166,102.3859904,22.22888957
59.38947151,148.4104783,-2.873606331,98.85739436,9.523064339,133.7717837,90.62446939
76.29998631,149.988997,-0.078257569,103.389984,26.29998862,124.2155044,73.70001451
51.34313845,53.15905321,-5.284720756,3.432730414,96.85026069,98.707426,138.2437894
114.7761375,103.4828633,-0.391547728,84.00217053,79.74830399,64.0401215,58.34864606
149.9998371,147.6394793,-6.299682109,139.7620669,100.0276935,97.6394793,2.360520703
72.20629318,149.5636022,-0.477057657,102.0099522,22.21058081,126.3517776,77.79493083
65.01299079,51.59493811,-1.419038313,15.09747396,99.5436894,85.00197387,130.0244129
95.56519607,112.2171163,-0.545426646,77.11781026,59.19234233,82.66872108,66.26231339
76.0657046,149.9430008,-0.092917959,103.2861286,26.06576692,124.3176715,73.93431738
56.84050374,141.1427124,-1.383358165,91.39905096,11.19124814,130.329144,93.57960936
51.60819675,138.2816291,-2.202744022,88.2962759,11.82820835,132.1915012,99.08716952
147.1326694,64.42790528,-1.1782693,98.19837026,129.4501405,14.71006579,85.62012017
109.7464073,109.4767039,-0.505132151,84.30368612,72.19259462,71.81803413,57.1182042
149.9999966,133.2479854,-1.537620577,130.1162034,101.3934382,83.24798539,16.75201461
102.2340873,83.14828018,-0.251055236,61.86443531,84.83838942,58.14112911,82.16285571
73.93564065,149.453173,-0.225129904,102.2929543,23.94188617,125.2067106,76.06632489
50.04921756,53.76650004,-5.623494319,3.76682159,96.23351255,100.0217248,138.7481367
103.113502,89.86522226,-0.692263961,66.40993928,80.23238488,61.54331519,76.25309956
50.12734494,60.47904844,-3.088802853,10.47982218,89.52104213,100.4209026,134.1213928
55.03780626,52.26484173,-4.110548596,5.523495267,97.86491023,94.98919806,136.2717117
86.50712354,113.3747095,-0.085997229,73.13770484,51.71249343,89.70896923,73.29909459
66.60125186,50.00332596,-1.568096817,16.6012522,101.3653609,83.3987482,130.2101609
52.18182749,147.9073931,-5.379858714,97.93170061,3.023139927,138.398889,97.84055334
60.57253754,149.7413717,-3.010132132,100.3001485,10.57570038,133.9612342,89.42783645
116.0471067,91.08529969,-0.139995749,77.78317395,88.50515358,53.29916338,67.99809466
149.6502282,51.44733754,-6.56982005,99.66073833,140.1527569,1.489001771,98.55328314
124.6757381,50.00013892,-0.187781583,74.67573812,124.8056012,25.32426188,103.1566307
149.8908436,132.5813305,-1.368677786,129.6065461,101.3981789,82.58140268,17.41901148
127.1338378,147.9782045,-0.02867794,124.6970628,77.1603304,100.6110825,22.95537044
52.66598776,149.4246495,-5.870268004,99.4603862,2.727364832,139.1372375,97.3357127
52.94064926,139.0288514,-1.966380566,89.07740342,11.35841184,131.7066967,97.67744708
85.06586892,90.11998223,-0.177363303,53.28440802,69.3918705,76.32859459,88.3292585
110.8019564,104.2919992,-0.632663973,81.51379688,76.06641331,66.96348112,60.21385187
133.3069159,50.70499157,-1.334478672,83.30989883,129.6130431,16.70796431,100.6884192
58.85220026,54.33900918,-2.102407332,9.858420264,96.06969665,91.25101861,132.132307
143.8740828,148.4114181,-3.976027871,136.0042302,93.88752316,98.60189692,6.328542843
112.9001354,110.0211591,-0.303541246,86.94231747,74.53009291,70.5616007,54.54088079
102.8982135,112.7601839,-0.539571755,82.07960574,64.69176839,78.46922309,60.04483484
96.27166027,106.838705,-0.831315186,73.29191584,63.27688309,78.2136361,68.91757307
147.556024,148.4391767,-5.504838315,138.5909425,97.56850921,98.46951068,2.899859982
149.9986667,74.83497749,-0.244277729,103.0364472,125.0980174,24.83497752,75.16502253
107.0837619,85.41652413,-0.313063859,67.17801765,86.19501859,55.64291216,77.54243256
56.23384497,149.466177,-4.379506159,99.66133251,6.256659653,136.6953262,93.76767458
148.3691925,71.95057478,-0.228357736,100.78852,125.5715366,22.01107144,78.06646085
112.4555535,111.8117049,-0.237704126,87.87140054,73.20547828,72.32062171,53.55307032
109.3976764,102.8136404,-0.735258765,79.48185063,75.85932043,66.61703455,62.25031092
57.17490546,148.4104783,-3.598247939,98.67168546,7.348867087,135.2816337,92.8387029
50.5105402,148.4467996,-6.435669555,98.44812341,1.63495651,139.9640131,99.50158312
50.23159302,126.5473676,-0.360137365,76.54771791,23.45377588,125.7506839,102.4878578
129.5046997,53.31492156,-0.054804799,79.57377695,125.1758829,20.76164829,98.83350508
67.31078166,146.8874015,-0.573434459,98.42170351,17.5883891,127.3761178,82.74778003
102.1555305,105.0197573,-0.916259535,75.81143094,68.87250245,72.91273522,65.66822283
133.3069159,52.74970919,-0.770595455,83.35228329,128.0533533,16.9180365,98.67258039
84.10738747,94.8723404,-0.274912716,56.36347055,64.82571043,79.72053261,85.91213674
82.83950119,99.2807432,-0.23690071,59.22013584,60.42247801,83.30140605,84.16041594
129.5046997,50.00164416,-0.847812491,79.50469971,127.7523716,20.49530037,102.0770714
100.884968,91.44799047,-0.795279381,65.62938275,77.57330589,64.26680546,76.42397654
71.57682221,51.18466187,-0.382443668,21.60931929,101.1436123,78.43212504,126.1533427
58.48872026,59.43833363,-0.842532963,12.69411334,90.95863778,91.99671984,128.7467659
52.55949313,148.0087312,-5.255910253,98.04214606,3.242862374,138.2040657,97.46085127
83.27225861,94.47776062,-0.201217891,55.54560633,64.7283729,80.19265965,86.80616647
95.1336601,86.20641099,-0.432241942,57.86148521,78.14518074,65.73598292,84.14236301
51.52877414,65.36933694,-1.36291776,15.44518269,84.64446988,99.66342779,129.841948
54.74414635,68.08328188,-0.09205684,18.69524025,82.05397999,96.95711804,125.6344951
98.32246079,93.12713673,-0.860398731,64.76889793,74.62963751,67.30912257,76.84458755
143.8135329,58.17512852,-1.739688345,94.16905904,131.2737063,10.25207791,92.03303428
137.9486532,144.6540684,-1.02578714,129.2066494,88.11097876,95.41817236,13.18385171
83.02485338,109.9176272,-0.029405083,68.41610183,51.93493573,89.86541223,78.0529748
95.86402916,105.4833319,-0.8683117,71.98547969,63.915905,77.5184072,70.08877999
149.014618,141.3669623,-3.341243928,134.7286769,99.39026068,91.37227574,8.689091897
110.3278627,97.34489494,-0.688809392,76.68761371,80.07503425,61.76906631,65.9275251
54.34436386,149.7671207,-5.283020547,99.86166362,4.350601128,138.2153359,95.65591961
112.712869,86.79054559,-0.141985289,72.70796506,89.04122116,52.38200438,73.38777326
128.487617,51.05248363,-0.423207239,78.49467331,126.2969398,21.53811379,101.2590422
97.83606134,116.9038935,-0.247639012,82.24609245,58.16907283,84.83635692,61.77725119
94.51874091,92.82055495,-0.774558379,61.76988116,72.46659388,70.08402126,79.67219745
54.26938418,144.7790127,-3.273188039,94.87512257,6.744356909,134.7123307,95.87288206
149.9998371,123.7150192,-0.082260782,124.2331336,103.3966519,73.71501923,26.28498077
57.51883325,140.9717951,-1.167941555,91.28198266,11.74909942,129.7252239,92.92079793
70.68234484,50.02500713,-0.811409605,20.68235995,102.0919124,79.31765911,127.6177481
74.50851744,50.00332596,-0.282862953,24.50851767,102.9563123,75.49148263,125.292852
50.48929503,73.67747937,-0.270302222,23.68253447,76.32408903,102.2888236,125.4093599
50.73864529,74.26481319,-0.142184661,24.27605314,75.73878873,102.1841362,124.8544555
149.8645738,146.325053,-5.622862365,138.7495907,99.93216868,96.32514816,3.677441504
90.49675809,110.0302252,-0.489717769,72.4128121,56.89965124,84.5237466,71.68136922
54.97772178,145.8533136,-3.40445204,95.98247464,6.478635842,134.9707045,95.11271401
88.63833397,84.07404842,-0.037726931,51.51661507,76.41434384,70.18756894,90.06378378
109.1760322,99.82641482,-0.767444567,77.35938467,77.58344819,64.41481168,64.68373057
60.75225627,50.00388565,-3.053376264,10.75225698,100.5725305,89.24774381,134.0312749
149.7790261,149.7111181,-7.234070803,141.060842,99.77944433,99.71136299,0.363706173
131.7198012,149.1349755,-0.986973118,128.4751698,81.72437929,100.8062946,18.30065399
52.45107757,142.7593274,-3.244902755,92.79170543,7.644286838,134.6108654,97.81727663
51.23087353,73.20966094,-0.158537995,23.24227636,76.80020328,101.4594929,125.1083391
52.83150641,145.254764,-3.994040838,95.29683888,5.525820561,136.0705193,97.2842917
148.3967575,51.33847498,-6.002884325,98.40586065,139.3413737,2.088516614,98.67455045
104.355001,81.42206604,-0.078934741,62.78385434,87.50656637,55.41490927,82.37960282
90.50762496,82.68815952,-0.022203141,52.05173823,78.56049611,67.88120845,89.8344397
105.2821792,115.8265448,-0.276067138,85.96076628,64.99187936,79.57900157,56.28062309
75.13829754,149.929604,-0.192843555,103.0429996,25.13839611,124.8607234,74.86173555
92.93721405,115.7245018,-0.231883856,78.50677987,54.94009582,87.03948343,66.56554152
64.74875831,147.2489202,-1.143916972,98.36095951,15.00314339,129.3256614,85.29561917
104.2475674,119.3804099,-0.013826334,88.07065259,62.2925185,83.10792004,55.05310516
56.83570723,138.909609,-0.866349585,89.17199935,13.02780356,128.7808372,93.82207746
110.3278627,83.93377534,-0.077413648,69.21670412,89.46617831,52.20516818,77.06247153
99.58921874,98.40422859,-0.992320428,69.29689719,71.56265956,69.88716772,72.1343919
63.55960194,50.71929274,-2.029125462,13.5786666,100.2024034,86.44339072,131.6381451
149.9999999,50.4876299,-7.246530102,100.0011889,141.0769712,0.487629903,99.5123701
109.9302053,108.4129598,-0.544249489,83.68813167,72.9459486,70.83545951,57.75006804
138.3018521,55.18257123,-1.145441757,88.45380786,129.566824,12.7947532,95.53633583
84.15816232,112.0472759,-0.008471841,70.82827469,51.06064357,90.47105632,75.99708453
145.7350177,50.86716777,-5.024348016,95.73894504,137.8133232,4.352246979,99.22453578
98.1910371,91.18240125,-0.776085064,63.3905847,76.03871369,66.18276822,78.38162132
70.2070981,50.99340193,-0.631014367,20.2315017,101.0476782,79.79908546,127.1582229
147.556024,148.325068,-5.452095617,138.509916,97.57040134,98.35543718,2.96283913
139.3615592,50.08088891,-3.058198575,89.36159578,134.0496812,10.63874834,100.4838553
55.66766186,149.850376,-4.771511422,100.0110993,5.669636519,137.3633416,94.33245681
149.8769084,124.9015151,-0.185274354,124.8424359,102.9821867,74.90161622,25.09878676
118.8203821,95.71577374,-0.060148153,82.62068118,87.65285056,55.3362498,62.60148396
116.0471067,89.44945353,-0.068437891,76.93165592,89.60239381,52.04861525,69.42022504
149.9497557,130.5030315,-1.001169246,128.3381929,101.8336165,80.50304716,19.49703326
50.76778078,142.7864086,-3.916568285,92.78958517,7.25433578,135.8541533,99.49406631
92.02827898,115.0360668,-0.249502579,77.43427028,54.67040206,87.12296148,67.69931363
91.74369611,85.78530642,-0.295457533,54.98294572,76.59022807,68.3694749,86.70250178
148.8543968,149.6281174,-6.710232144,140.3493981,98.85509628,99.63470369,1.204451495
74.8652855,50.50838413,-0.124472755,24.87048205,102.5517628,75.13643442,124.6748048
113.974127,88.59071594,-0.166328128,74.71233017,88.67800794,52.79305715,71.19665509
102.7506464,116.5955834,-0.265184111,84.95647369,62.43785511,81.65459653,57.86498478
149.9707751,72.6923923,-0.511663037,102.5139042,126.3749267,22.69241112,77.30761322
149.2507296,73.43920783,-0.239502656,101.9808991,125.3485629,23.45118056,76.56445849
108.1041403,88.24944465,-0.457572184,69.56371998,84.78928121,56.7299134,74.62167342
147.1906397,139.2306324,-2.061323874,131.9398583,97.78547811,89.27484678,11.12977013
107.0364522,106.838705,-0.735134138,80.52201727,71.52659835,71.24959523,60.8996209
108.4747145,96.12209825,-0.76037414,74.47509775,79.51176349,62.06123816,68.02336092
145.0508207,149.792259,-5.038753661,137.8156503,95.05104776,99.91491044,4.953537283
75.79085339,50.03416783,-0.127852734,25.79087602,103.239216,74.20915448,124.4996588
85.9825014,92.16774021,-0.325120075,55.43337191,68.11248549,76.65740957,86.27172422
108.1347602,116.27582,-0.153449789,88.15971114,67.20841214,78.3912152,53.75889336
99.27992069,82.05767636,-0.173219245,58.78949903,83.93253198,60.00184213,84.78611789
146.6389146,51.32693517,-5.203457418,96.6480241,138.113915,3.613537372,98.73029231
149.8791301,126.7745623,-0.416791223,125.976879,102.5439495,76.77465743,23.22575223
98.66658614,111.43479,-0.63937299,78.3751876,62.09438,80.05843368,64.20587823
149.9970461,72.18282888,-0.590135197,102.4279607,126.7080161,22.18282907,77.81717118
103.5242168,116.5955834,-0.253734226,85.43894605,63.0927637,81.20942156,57.23507211
112.9001354,109.6766924,-0.319792832,86.70487093,74.71543459,70.2688236,54.79387824
149.9778161,149.7788187,-7.37677858,141.2493411,99.97806072,99.77882112,0.222291056
111.7267967,110.6094701,-0.343818226,86.5084117,73.22438988,71.68225693,54.92223537
143.3897783,144.4857016,-2.393546824,132.850286,93.55243544,94.71664499,8.608281925
145.6601471,143.5084359,-2.817419387,133.7710407,95.88015512,93.60909091,7.808631649
146.9486633,57.86986452,-2.822259515,97.26755927,133.7423089,8.440700394,92.18065154
131.2286241,149.9984548,-1.143806101,128.832373,81.22862413,101.7450516,18.77137595
73.59636174,149.7032601,-0.326083737,102.4574466,23.59822752,125.6115282,76.4042145
143.2621633,50.00000045,-4.420028848,93.26216334,136.7400125,6.737836662,100.2267347
148.6959879,68.62818629,-0.807239408,100.4385751,127.9150894,18.6737723,81.38226167
130.891609,54.31963339,-0.034894645,81.00686167,125.2923979,19.59055485,97.56978611
132.1299353,50.38720236,-1.19854512,82.130848,129.1047471,17.87425912,101.2030072
145.8215043,65.47745901,-0.636627906,97.06344532,127.7725347,16.03158021,84.62576299
126.3913064,148.8983219,-0.138923824,124.9660344,76.39924994,101.6771778,23.634384
116.5512595,103.4828633,-0.257878824,85.3784915,81.19676192,63.08117715,57.29452195
149.3458595,133.3591093,-1.360191265,129.6855462,100.7299312,83.36167584,16.65374264
117.1199341,103.4119666,-0.214173408,85.77834063,81.70391917,62.72110417,57.02230787
149.9487872,127.8670945,-0.584866513,126.7006096,102.3700423,77.86711136,22.13296473
57.97141615,146.6714646,-2.693997355,96.99956469,8.638438699,133.4714663,92.08875823
76.07544664,50.00129091,-0.104361866,26.07544667,103.3424924,73.92455338,124.3566701
107.7653716,112.2978465,-0.438207113,84.95798858,68.98036339,75.2647694,56.61462904
149.5883311,52.26116974,-6.141309817,99.61399787,139.5375026,2.298338505,97.73969722
62.38582985,147.9460432,-1.885901227,98.72606625,12.55497987,131.4141172,87.63824251
54.22154526,54.6623017,-3.491300563,6.289554953,95.43111737,95.89186331,135.1398872
148.6415839,74.26485334,-0.007171256,101.582209,124.3622712,24.30284762,75.74732823
52.56488178,65.46994129,-1.049546301,15.68112566,84.56896265,98.65556926,128.9919885
73.54783386,51.47004625,-0.065545764,23.59367533,101.3047495,76.46629809,124.7120102
138.7868395,144.8199702,-1.256230936,129.8996906,88.93781862,95.48068762,12.3518289
55.66766186,142.0909877,-1.963615018,92.2652286,9.730101045,131.8307249,94.66331124
149.9107439,75.2782306,-0.172515645,103.0589428,124.7617713,25.27838818,74.72182271
137.3094425,51.87040541,-1.868735237,87.32947479,131.3482245,12.82765239,98.94679168
143.377322,50.08226096,-4.427758217,93.3773582,136.758469,6.623188905,100.1369784
107.4391569,87.93904885,-0.464923692,68.83769444,84.56251182,57.01575915,75.25282069
101.1237052,114.6100418,-0.430331038,82.38987033,62.17782861,81.01450302,60.34352772
51.63462607,53.20659305,-5.131464081,3.599200103,96.80720857,98.41762559,138.002574
148.1159324,126.724697,-0.009457797,124.5528615,100.8388611,76.7478263,23.35143336
148.8098404,149.5503611,-6.647798628,140.262821,98.81086347,99.55747527,1.272263699
149.9066787,133.136225,-1.485469092,129.9729832,101.3199455,83.1362774,16.86403318
73.57005299,148.2934215,-0.01260317,101.0798897,23.63175423,124.5115798,76.44899744
103.1368844,109.4609834,-0.726938728,79.74419752,66.83517302,75.7083889,61.96421116
145.824922,148.5882868,-4.81834285,137.4847845,95.83532026,98.67665164,4.407290594
126.3438802,149.9836083,-0.386225371,125.7978934,76.34388192,102.7440214,23.65612552
110.0947564,115.0558049,-0.159152507,88.56431274,69.51601627,76.31963191,53.04267378
124.2975896,149.6737255,-0.072161482,124.3180734,74.29830599,102.9342774,25.70448125
80.6995841,102.8089304,-0.042846639,61.08393895,56.29797075,87.12824329,83.84238004
109.6015197,86.19795048,-0.26587813,69.73258038,87.31003762,54.24323766,75.51647989
114.7002427,110.0162102,-0.187089789,88.25002488,76.05803603,69.62771257,53.3364445
87.58667184,109.7462781,-0.346231352,70.5859451,55.07376896,86.40047035,74.26833551
108.3330243,96.55706415,-0.775355122,74.63445548,79.11314122,62.47957336,67.76639475
112.0167406,114.665699,-0.089251184,89.59759337,71.37638921,74.99587072,51.87717055
149.9858853,71.21201522,-0.731439363,102.2111875,127.2977761,21.21201992,78.78798604
143.0492681,140.1475988,-1.114745824,129.5559951,93.56941864,90.41516597,12.0574659
98.6294657,104.8082669,-0.929758218,73.27189811,66.38612564,75.11909152,68.41947484
58.61079094,62.21234116,-0.262711662,14.94279081,88.20894946,92.2015662,126.7227706
94.42109644,114.7712236,-0.345668868,78.54008666,56.69480133,85.34826257,65.80335257
148.3691925,72.65067502,-0.138963431,100.9433064,125.1375887,22.70930672,77.36651477
117.114332,110.3417782,-0.000319493,90.25222302,77.95580877,68.72115652,51.51933341
100.4123639,110.9160558,-0.673994534,79.07067905,63.78840905,78.54743475,63.13864388
54.13890937,52.08460126,-4.541568608,4.634234909,98.00283608,95.88375389,137.0283693
111.8591697,94.7186419,-0.546428869,76.33029416,82.961349,58.77482344,67.1621284
140.3220988,61.1661587,-0.246142349,91.00969526,126.686751,14.77649728,89.35946022
115.1001109,99.48717538,-0.396912093,81.77410935,82.39884637,60.55561733,61.39664253
102.27707,81.04912415,-0.078455421,60.80246832,86.52811868,56.93440228,83.85524034
87.11752396,104.7733499,-0.495189229,66.16517549,58.50778121,83.39259952,77.45744425
101.5713702,118.9715444,-0.082763863,86.12014952,60.18613862,84.2757742,57.51606076
74.51182629,149.8393229,-0.245358231,102.8042801,24.51235291,125.1653097,75.48834471
61.69213124,57.69084061,-0.549212632,13.99481912,93.04669172,88.64213848,127.7468614
116.7360428,103.8619986,-0.236877018,85.76021398,81.13208106,63.30565335,56.87887148
132.6190031,53.07077953,-0.571733047,82.67605073,127.3623707,17.65017675,98.4752397
84.26125,99.2753597,-0.348281452,60.01578396,61.21129296,82.15621902,83.0335618
103.2167958,112.4988906,-0.551440651,82.08616617,65.1026924,78.06906894,59.95833058
55.42847845,149.2821596,-4.61384423,99.43045603,5.475734944,137.1157172,94.57424588
97.87623303,90.35469946,-0.731762329,62.6149779,76.48330253,65.9195635,79.21141938
51.17267625,57.97650273,-3.486900092,8.062243194,92.03096881,99.14869901,135.0376391
91.54523692,109.0802056,-0.583863116,72.22518536,58.31325997,83.11095003,71.35396908
147.9519462,54.4420597,-4.434543588,98.05261677,136.8426239,4.891463868,95.57988533
52.59695861,148.2305571,-5.339791991,98.26487947,3.142470733,138.3350816,97.41911209
65.01387104,144.7889651,-0.479665015,95.97064252,15.89248906,127.3090335,85.14573977
115.3356729,110.2781271,-0.131274547,88.89433478,76.46291484,69.53465447,52.72042074
50.02265255,61.77180422,-2.747678559,11.77182601,88.22819869,100.6679958,133.3404835
58.76944469,143.632853,-1.532480164,94.04261968,10.83714545,130.7292063,91.45247281
149.1629057,53.39431125,-5.414929746,99.22098173,138.4411101,3.496008543,96.60931542
53.87009499,149.9999995,-5.60107266,100.0748597,3.87009499,138.7117823,96.12990501
114.0379827,87.13177832,-0.082167223,74.02453774,89.74004972,51.69173677,72.42706667
50.2564214,134.4520523,-1.715230058,84.45244163,15.550062,130.6940344,100.9481062
104.0200979,115.3262394,-0.341459351,84.76844071,64.19065861,79.8853488,57.58837613
93.49154162,87.01943089,-0.439901521,57.11350502,76.53800545,67.55474914,84.61535295
50.43791701,58.24531125,-3.689482796,8.256932176,91.75573376,99.90292052,135.3939854
108.8607417,108.9763337,-0.570607219,83.32343517,71.7462759,71.90720767,58.09801865
68.84434371,50.08589592,-1.106130897,18.84453947,101.6756484,81.15570175,128.7208947
113.2627769,89.70690583,-0.267856137,74.69148082,87.39242611,54.09493446,70.60368806
144.4783165,57.15778568,-2.225375566,94.74906957,132.4606698,9.040071051,93.00626725
53.35125153,141.1635105,-2.425191586,91.2250872,9.450631377,132.8599497,97.05186308
98.48479661,82.14553082,-0.176362958,58.17310937,83.39666954,60.72191805,85.19416159
95.45234541,85.56759021,-0.395196985,57.71454909,78.85081568,65.11912235,84.42145493
102.4045108,109.0802056,-0.75668671,78.97280188,66.48806152,75.86699734,62.7675089
54.39851151,53.76650004,-3.760351776,5.7908053,96.33396815,95.67565586,135.6485574
144.0942033,140.2849302,-1.419141104,130.4035571,94.59440612,90.47788157,11.36930151
93.01562645,116.0260788,-0.212119373,78.80220299,54.81397123,87.21617916,66.3433957
95.37482391,104.2495517,-0.88961727,70.72403057,64.43584537,76.98651647,71.25316404
97.35826334,104.0115915,-0.935133832,71.8335376,66.01317158,75.4215119,69.90054473
58.61079094,142.6419846,-1.310546178,93.04129742,11.32634591,130.1327201,91.68493837
52.11279079,67.51949374,-0.787399884,17.64643153,82.50756207,99.44263868,128.0036704
130.2084362,50.21228166,-0.905732673,80.20871716,128.0272704,19.79270217,101.7314835
105.6727553,83.49047746,-0.214148211,64.96974494,86.73506941,55.55642814,79.92759983
52.7528941,69.86024487,-0.262050775,20.05013098,80.18702375,99.2543648,126.0134118
56.88287833,57.68587737,-1.677345793,10.31730222,92.57035838,93.433779,131.1209197
103.5234937,108.5158592,-0.765547119,79.30239694,67.71778434,74.72731373,62.29766907
144.4134779,147.576994,-3.839701571,135.7761929,94.44456452,97.73678423,6.089350306
51.95361156,131.7102015,-0.695968102,81.73355263,18.39383939,127.6309183,99.7377111
146.4556339,51.44733754,-5.069487265,96.46649206,137.8996613,3.828487594,98.61637698
60.31854157,147.4965689,-2.283840088,98.04107937,10.61788433,132.4701662,89.71639289
105.2821792,114.0803773,-0.402111551,84.63104687,65.92676723,78.14075919,57.3576742
149.5309595,149.8598024,-7.181557233,140.9907516,99.53105823,99.86090396,0.489545054
91.73230171,92.89169069,-0.675172912,59.84381452,70.73149227,72.35206835,81.58727632
144.3945349,149.541538,-4.658095139,137.1817991,94.39564824,99.69924291,5.624182285
59.89850837,144.8752553,-1.589439247,95.39022242,11.14645578,130.841862,90.2471152
130.891609,149.8135012,-1.030314602,128.476408,80.89182398,101.626107,19.1093011
88.93641695,89.88834821,-0.40582332,55.74159029,71.62021534,72.93724356,85.68647417
144.4232065,148.6906459,-4.300157113,136.5854514,94.4322844,98.84808658,5.72844077
50.04254422,72.98241025,-0.46868641,22.98244963,77.0176015,102.5655115,126.1871709
132.1299353,50.24959071,-1.238957743,82.13031452,129.2109532,17.87180766,101.3384595
52.38859749,144.2263039,-3.784304236,94.25657405,6.248276895,135.67086,97.78200993
51.71033668,59.75563291,-2.71939482,9.904424517,90.26057303,98.77261912,133.4350168
66.62774079,149.1367182,-1.30069176,100.5214935,16.65013571,129.5338663,83.37672853
54.72832299,56.66829668,-2.62980844,8.174547012,93.45139851,95.50475706,133.369784
107.5558851,118.0081968,-0.040666744,89.09430253,65.84949035,80.16618817,53.1505255
83.21061815,90.11998223,-0.044824654,52.08222472,68.47307271,77.91299316,89.70194009
133.6539849,54.58894139,-0.392085508,83.77975633,126.8907376,16.97794432,96.80114831
106.0712137,82.35493207,-0.114575416,64.73656333,87.86259851,54.55804155,80.65725934
126.1720516,149.7032496,-0.296920073,125.4707911,76.17262963,102.5110194,23.82979619
149.7266439,50.9839781,-6.843560169,99.73149814,140.5331851,1.021242596,99.01639923
50.00295354,69.61534219,-0.994150139,19.61534242,80.38465786,101.9027524,128.3008282
98.57589198,117.9871734,-0.166056453,83.55760307,58.17592584,85.24490973,60.57441664
50.24890542,134.3579689,-1.696811912,84.35833615,15.6440113,130.638998,100.9700649
106.5724041,114.8646886,-0.309955077,86.06895341,66.59524768,78.06013013,55.86095405
50.07146256,132.4491632,-1.354015267,82.4491942,17.55098226,129.5514458,101.4580922
50.26826545,72.29545186,-0.506616657,22.29706572,77.70501122,102.1934736,126.429489
148.3691925,70.78460437,-0.388077512,100.5410255,126.2995524,20.84848464,79.23218057
149.9998452,128.0531475,-0.625024302,126.8552832,102.3798485,78.05314748,21.94685252
57.12221411,147.5912701,-3.300749428,97.85081468,7.518504747,134.7231944,92.90901512
50.79676617,149.5517497,-6.848917438,99.55493816,0.914201632,140.5412127,99.20424654
50.95696476,139.210152,-2.686724414,89.21528461,10.83220202,133.2965643,99.62903015
84.26125,105.4900908,-0.277327472,65.21490192,56.16907749,86.02751555,79.38964205
59.29671773,139.539059,-0.454697978,90.02039798,13.99500792,127.4532405,91.30452727
55.45736724,146.2731099,-3.387347962,96.42766485,6.608522295,134.9326539,94.61606164
109.8499002,114.9902691,-0.174866568,88.35013098,69.33752097,76.39218281,53.27017707
92.57317327,91.19518641,-0.638981067,59.24118893,72.59807975,70.67449195,82.19395677
90.60921555,85.78530642,-0.248061896,54.12667127,75.97786032,69.33868641,87.46880672
53.45371925,142.7234795,-2.870073615,92.78777844,8.054559404,133.8612266,96.82010162
109.369234,110.774004,-0.457300199,84.95990535,71.15746419,73.10498416,56.47599403
55.80595683,139.6488916,-1.291765898,89.83670133,11.86821719,130.0363085,94.76108491
86.75024912,114.3257354,-0.041995871,74.08360844,51.21751622,90.21269986,72.61669329
51.91519779,149.7755079,-6.402320283,99.79388736,1.928309958,139.9134747,98.08505911
100.2328805,88.96701738,-0.667546183,63.57492213,79.0466144,63.207552,78.75145176
93.69162686,110.4299878,-0.597676723,74.57038075,58.94696024,82.59791955,68.82164449
112.3932537,110.2880455,-0.321270197,86.76154993,73.95916063,71.05572318,54.69283949
57.01759409,64.23550817,-0.228911759,15.87124191,86.0511167,94.06581473,126.4961496
104.3078526,113.4649343,-0.467287039,83.52928076,65.45344822,78.20211133,58.50284913
108.483759,92.55926934,-0.652958916,72.33008692,81.97431064,59.45493818,70.87337868
142.5512793,148.0068739,-3.347647716,134.800173,92.57273816,98.28952527,7.710771149
50.0515533,125.1905569,-0.235522235,75.19057456,24.80949668,125.0732259,102.981554
90.10366565,98.89090643,-0.727425979,63.2346798,64.96494012,77.31682611,78.73823921
129.3824323,50.03461999,-0.819140688,79.38243989,127.6504907,20.61759673,102.0693945
66.19494674,51.42401774,-1.224060534,16.25743296,99.89745031,83.81715086,129.3851275
144.4982405,143.6300554,-2.472186159,133.0282103,94.71269006,93.79155947,8.416979961
140.9228686,56.65984717,-1.376006719,91.16644995,130.3048432,11.25823605,93.78048009
55.42847845,144.0435467,-2.627221845,94.20009047,8.059014505,133.3715163,94.75891528
93.86703603,86.40805407,-0.411469531,57.00757188,77.25446548,66.90632291,84.82243354
111.0177045,87.86559568,-0.299251226,71.81200182,87.08527125,54.34540178,73.35055254
54.79135119,57.38915806,-2.385931868,8.806628361,92.73470274,95.49495518,132.8211386
50.00565837,125.1163315,-0.237520134,75.11633167,24.88366919,125.0653094,103.043997
90.32416237,90.28154598,-0.496884313,56.99685094,72.05783664,71.99867042,84.42451864
147.5414074,53.65897447,-4.579601482,97.61001107,137.0982107,4.408261734,96.37239168
51.26624798,144.6206435,-4.395290943,94.6291158,5.526378606,136.7531351,98.88018641
145.178647,135.5036016,-0.663333057,127.9446784,96.27627129,85.63942624,15.27714018
149.8769084,126.0383402,-0.321601109,125.5277898,102.7110411,76.03843984,23.96197595
50.01305999,76.7802627,-0.028014346,26.78026589,73.21973846,103.5112102,123.9294884
89.67104603,115.3311845,-0.129212616,76.43268648,52.68508955,88.92551015,69.58095612
149.7731417,51.64932198,-6.532069225,99.78677306,140.0983072,1.664850639,98.35093966
50.98670182,149.7498944,-6.85425899,99.75477436,1.017906339,140.5477664,99.01361406
148.8510433,50.01168798,-6.895638765,98.85104396,140.6029562,1.149016179,99.99491308
149.5077487,51.85653979,-6.296177035,99.52506615,139.7638395,1.920690329,98.14469468
114.7675116,109.5799747,-0.20227757,88.00343149,76.34532735,69.21778402,53.62002125
86.63322496,114.3257354,-0.035147688,74.02562665,51.13361251,90.29478616,72.71864504
91.75591658,85.15258809,-0.252375625,54.58260729,77.12809735,68.02997651,87.16398388
110.992934,115.3156938,-0.098366315,89.36597709,70.1650846,76.07687596,52.19724409
75.09724583,50.15280752,-0.178589259,25.09771102,102.953065,74.90291004,124.8194073
89.13418648,106.6944178,-0.560878003,68.88934285,58.36829622,83.17995108,74.69953619
89.75655524,91.92300941,-0.542262901,57.77648659,70.3812512,73.39490006,83.67920574
113.9632811,88.18769165,-0.145634002,74.49564503,88.94977684,52.50661767,71.55002844
82.29083541,96.79000197,-0.169836414,56.85070216,62.24148088,82.30331253,86.11524174
98.47176605,95.21343901,-0.929064104,66.28549744,73.15107223,68.55227174,75.21121033
111.8591697,92.91833061,-0.490037385,75.28970698,84.17169271,57.41694906,68.6515835
149.9457168,51.85826394,-6.516935867,99.96299044,140.0747896,1.859056621,98.14175108
96.89184907,104.0115915,-0.927650918,71.52690072,65.67936681,75.74779015,70.25246907
113.3430761,85.67667005,-0.036689512,72.69917519,90.27644246,51.15227128,74.03526759
86.66324263,95.95321499,-0.4813556,58.78682955,65.30886869,78.25115208,83.26223516
50.73864529,69.74091525,-0.771545354,19.75472935,80.26248365,101.2053372,127.6492743
55.03867328,68.13579374,-0.025820503,18.82273208,82.01912274,96.67761162,125.3770387
50.00314842,125.4031137,-0.27223934,75.40311373,24.59688654,125.2397695,102.9775565
53.35867985,147.6877541,-4.7675226,97.74547575,4.077647787,137.4133984,96.66897766
50.10657098,66.16829587,-1.627495471,16.16864709,83.83177187,101.1934333,130.4087872
50.77842454,56.0243424,-4.354317892,6.074425577,93.97888149,99.40429437,136.6614256
86.08976185,99.11276579,-0.481264396,60.94698249,62.3857477,80.60137905,81.69473144
52.19795779,69.41089306,-0.456278984,19.53493762,80.61907452,99.70968975,126.7274383
61.05793585,148.2305571,-2.326423323,98.85100044,11.19861034,132.5138978,88.95966335
93.45776471,111.8592058,-0.508564734,75.59853605,57.82125472,83.8068357,68.20369898
142.202192,52.36925967,-3.090831162,92.23262763,134.2870272,8.149797614,97.94165236
52.29530306,56.05343615,-3.719063221,6.473986825,93.97459909,97.89204204,135.5439584
117.6731289,106.3037168,-0.105864719,88.03272631,80.55443835,64.92407198,54.35431684
90.06352167,83.89640822,-0.092440861,52.47906496,77.29664038,68.8574464,89.23041119
50.15770904,76.60363099,-0.014450228,26.60409845,73.39653844,103.325874,123.9173517
97.87623303,82.10341283,-0.167818169,57.64341076,83.07875925,61.21696006,85.59692537
112.694218,104.553763,-0.512513682,83.10642589,77.43336122,66.08959393,58.79695427
82.38924907,106.279269,-0.11151076,64.93396322,54.41108132,87.96914098,80.51531504
76.95229476,149.9761304,-0.008278211,103.5454144,26.95230533,123.8191984,73.04770914
100.8212462,80.2909265,-0.023696709,59.16366534,86.26791986,57.75889586,85.3106368
145.178647,138.9279026,-1.386487032,130.2580005,95.82048939,89.05850495,12.07629023
99.52370243,86.60019037,-0.517825587,61.58060602,80.44956783,62.34926263,81.03945013
67.40423263,51.42401774,-0.991826821,17.46239216,100.1006073,82.60804207,128.6051518
54.08098968,69.53465208,-0.025479895,19.95638015,80.56876996,97.88799299,125.2003545
149.4779246,124.5344337,-0.054759706,124.303014,102.6856978,74.53626213,25.47091732
51.2886451,73.38031629,-0.124992539,23.41580227,76.63051963,101.4424506,124.958023
100.7526985,80.98761459,-0.083548023,59.46485234,85.66531239,58.1852985,84.78210922
146.178668,145.3604133,-3.649198962,135.4398191,96.29050808,95.43694781,6.010685705
82.34923781,105.3390703,-0.133015549,64.10059199,55.14591395,87.40159227,81.06308816
90.45967681,89.49216539,-0.463362957,56.53862905,72.78862202,71.44705182,84.88962325
55.3699953,57.20242067,-2.259122793,8.983969784,92.95282448,94.903702,132.5376494
64.27758809,57.35821191,-0.154567561,16.0621544,93.73553447,86.0376382,126.2174029
149.7500993,124.1610483,-0.074334328,124.2978012,103.042388,74.16146937,25.8401601
54.90870121,138.6446316,-1.29621611,88.78043739,12.37092311,130.0008685,95.76690188
66.76023768,148.4886038,-1.088618516,99.90450765,16.82824666,128.9529492,83.25348251
105.2414082,87.5329452,-0.509934276,66.78574068,83.3891247,58.41278553,76.84701994
124.2800822,50.59030949,-0.012697408,74.2824278,124.0959999,25.72669112,102.6830109
134.0707692,147.9235267,-1.092814017,129.061657,84.0964088,99.21067216,16.06400124
103.9845147,115.61335,-0.320750407,84.96728506,64.00601166,80.14072986,57.4444652
114.1393373,107.6182705,-0.324821114,86.21902159,76.87695095,67.86642927,55.5175479
88.56618274,112.8010242,-0.237841904,73.69748363,53.58277943,87.85261831,71.81836605
148.2062588,54.8641753,-4.373844528,98.32664683,136.7307369,5.184371587,95.15273327
103.7587397,102.6321526,-0.940764766,75.23393901,71.64994808,70.05995748,66.19642832
128.6889821,52.4173962,-0.138048779,78.72610559,125.3567727,21.44768729,99.88255128
71.57188583,147.8071317,-0.152893053,100.1577818,21.68305629,125.3682739,78.45876473
144.0339144,50.36645509,-4.55645124,94.03462842,137.0008041,5.977329422,99.81201055
70.00915188,50.27236953,-0.85309143,20.01100558,101.7151239,79.99131183,127.8441867
149.9995831,125.8199431,-0.323827555,125.493348,102.8814453,75.8199431,24.1800569
96.7597019,88.13715547,-0.590841605,60.33997306,77.54663923,65.49024331,81.61826312
98.60305726,84.11395161,-0.333585575,59.38029025,81.87324684,61.68798438,83.56205536
52.38621922,55.98922963,-3.706624628,6.447085682,94.04104948,97.79734694,135.5229691
50.00000163,131.6191001,-1.216254759,81.61910013,18.38089987,129.0801192,101.6752534
53.35867985,149.2920139,-5.491378101,99.34880352,3.432488107,138.558467,96.64391344
50.00340773,129.0216032,-0.770520223,79.02160329,20.97839707,127.4509013,102.1734388
149.9116491,63.35044077,-2.297228048,100.7996622,132.2515926,13.35073312,86.64960427
86.18405939,106.4879697,-0.385405816,67.08335763,56.59136805,85.22537764,77.23840405
132.2649728,146.738259,-0.468175657,126.9874659,82.32961009,98.35050558,18.03247475
72.60905014,50.34020779,-0.445401596,22.61160962,102.1921882,77.39169762,126.1801621
88.42544504,89.91385143,-0.3787437,55.40424498,71.32222709,73.37943414,86.03354618
104.3678505,81.31738045,-0.070004678,62.74266079,87.59660606,55.34502135,82.45965861
97.68603829,80.29488195,-0.013817661,56.49546991,84.45567909,60.45271261,87.15247599
115.2202141,87.86833696,-0.046292268,75.41675722,90.07785454,51.41638311,71.20377139
52.32359238,136.4056967,-1.515717046,86.43693372,13.79145252,130.4094515,98.61787711
104.6160766,81.60882759,-0.089120124,63.10335812,87.52295863,55.30658627,82.07955267
95.08156592,117.0326317,-0.191985695,80.78193673,55.84975342,86.65684115,64.05374128
109.7623137,88.84128953,-0.417717819,71.27538084,85.50977727,55.92599726,73.20832782
139.9589301,54.73853009,-1.663739139,90.08364322,131.0242602,11.10300643,95.78919946
87.67183841,87.3276602,-0.195985798,53.03321248,73.12311252,72.65090463,88.38903723
92.69898279,108.0728843,-0.676244018,72.08094774,59.84217709,81.58349385,71.00203941
94.13056751,82.4843038,-0.130306381,54.79723517,80.65901203,64.62680156,87.6342554
143.6243436,144.193312,-2.373969138,132.8077473,93.80423941,94.40883974,8.62360833
55.03867328,67.8463403,-0.066666976,18.54400416,82.30803139,96.62373122,125.566227
148.5326856,69.01044408,-0.700687393,100.3498237,127.5460634,19.06698707,81.00284673
86.02965577,97.64423032,-0.465142156,59.73364862,63.55519423,79.76325986,82.66396772
129.0728675,147.6506027,-0.203824045,125.6509394,79.10776217,99.86783813,21.05859787
90.82911162,111.6985917,-0.414899698,73.98467797,55.98226713,85.48631616,70.4854021
131.0281186,50.07024123,-1.087749581,81.02814905,128.6526824,18.97201143,101.7147431
115.4274696,104.0115915,-0.334111759,84.84106198,79.9730423,64.12886928,57.53428171
58.8518651,143.5023462,-1.475978524,93.92041451,10.98066576,130.5782189,91.37943971
56.43844493,56.78216919,-2.059257041,9.351544902,93.43991414,93.80704881,132.073194
84.41263128,99.12297539,-0.359184862,59.97746162,61.42231537,81.94369803,83.00707541
106.9308885,81.68650875,-0.036193609,65.15489929,88.92614437,53.46946047,80.75692821
76.80792339,50.03416783,-0.020589701,26.80794516,103.4979824,73.19208459,123.8961165
84.61159725,97.40365792,-0.359649324,58.69471398,62.96298805,80.76354375,83.916735
123.5241472,50.00001485,-0.062242728,73.52414724,124.1200921,26.47585276,103.4454823
107.6408678,105.4577255,-0.756853643,79.98768,72.84561662,69.78434921,61.4679616
94.3066965,118.7149467,-0.03785981,81.76079289,54.23871233,88.45048307,63.87878063
99.27992069,80.3909461,-0.032653747,57.89749725,85.28734354,59.12813248,86.12750334
118.8850058,104.2919992,-0.054609032,87.70841011,82.6702205,62.57606607,55.29343721
107.9770247,91.00506601,-0.608129578,71.01232875,82.71479694,58.71410298,72.43157245
149.9778161,126.7745623,-0.441178729,126.0551352,102.6400734,76.77456549,23.22544831
112.5133412,85.81971992,-0.093325785,72.04838764,89.59367264,51.84883725,74.32602465
136.7326522,57.73059469,-0.25096575,87.07648963,126.6341033,15.35527964,93.21837627
105.1132544,87.44718732,-0.507865038,66.63154394,83.3686103,58.456067,76.99139111
126.4841947,50.10178983,-0.383493723,76.4842624,125.815279,23.51602564,102.6286777
148.7540923,130.8522275,-0.735403966,127.6301431,100.5932797,80.86182648,19.18826404
50.02518887,123.9973596,-0.106834809,73.99736386,26.00265262,124.3807545,103.3010173
90.18880243,84.00626502,-0.105903338,52.64566366,77.26779987,68.80265558,89.06487754
142.8083584,63.90218674,-0.250065456,93.84381808,126.5947268,15.65217252,86.39764555
74.06128692,50.67878749,-0.179761097,24.07085957,102.194172,75.94174673,125.025563
93.79557746,85.15604898,-0.322708854,56.16048776,78.24826253,66.29392802,85.81185872
140.4744458,146.2657726,-2.104575548,132.1087594,90.55147594,96.73590416,10.23135561
90.36387373,86.13685721,-0.260314934,54.17669935,75.54960827,69.73048118,87.37830716
63.58069267,147.6077399,-1.498436509,98.54798882,13.78978324,130.3670494,86.45241228
86.45148012,108.0941105,-0.346240151,68.58305968,55.54110172,86.10075522,76.12173117
95.0855832,116.9414288,-0.199246056,80.70851692,55.9068774,86.58376329,64.09728779
97.44961406,118.3860802,-0.122830039,83.23534011,57.01671508,86.24499423,61.32685371
66.75403735,147.595995,-0.848661718,99.02361334,16.92563168,128.2765315,83.28066725
97.50012648,85.96894384,-0.459150431,59.58210248,79.7260194,63.6396232,82.80225162
102.4182042,118.9715444,-0.075233856,86.62991438,60.91332525,83.79201167,56.80486202
99.48256647,109.9176272,-0.728867434,77.70872817,63.67983192,78.37176239,64.48726773
114.4641175,102.9467227,-0.422472097,83.42048839,79.80998277,63.76640485,58.9644796
54.97992471,147.1632997,-3.902694465,97.29083442,5.731188233,135.9026178,95.06240886
111.5400851,99.1462245,-0.635796551,78.75616457,79.83287893,62.40606089,63.75948193
117.4772192,103.1829887,-0.189021786,85.9162697,82.12799559,62.33908531,57.00494555
65.80044716,148.3391687,-1.235543061,99.60043289,15.8874948,129.4610242,84.21593114
91.5449123,104.0151723,-0.758356101,68.14410157,61.97244641,79.59042731,74.37473802
59.26881775,139.6488916,-0.482132074,90.12677046,13.89447469,127.5502693,91.31972885
90.59000989,88.7313019,-0.428312833,56.10403416,73.49423291,70.92010061,85.34283972
144.5848252,149.0377572,-4.51222154,136.9480431,94.58971969,99.18569183,5.500002658
50.75767644,75.43049345,-0.007531496,25.44177806,74.5733557,102.4487617,124.1356117
115.1202673,95.337962,-0.343145176,79.34847203,85.02110099,57.20250476,64.84237927
147.8202664,70.97756306,-0.234745342,100.0443035,125.7511434,21.09050474,79.05249382
101.1237052,115.949368,-0.3303885,83.44430701,61.42539188,82.08660877,59.56792538
50.73301636,131.3861124,-0.964251616,81.38941334,18.62831514,128.3652341,100.9970834
109.7863982,104.8566872,-0.673913738,81.13981475,74.91549975,68.0175705,60.45702988
106.1951462,104.7437827,-0.830728461,78.45238174,72.15275232,70.11238802,62.98404894
65.53576266,53.3247754,-0.83685741,15.88754396,97.91557064,84.52964877,128.3756458
149.9145077,137.3899006,-2.492983938,132.7399849,100.7071172,87.38994242,12.6103892
108.8521651,82.84287801,-0.05977989,67.39608279,89.29533232,52.64787698,78.76054437
102.4815832,115.1808613,-0.376508231,83.68310012,62.98165601,80.66315524,58.90986642
105.8032533,118.5941195,-0.044998864,88.4259934,64.03383799,81.59966697,54.21883205
99.8507578,105.120758,-0.926282295,74.31955341,67.07640728,74.52009433,67.2985353
94.95258242,119.2631075,-0.007507972,82.57186399,54.45632405,88.47370365,63.04740078
105.1506041,81.91729187,-0.102635756,63.72050416,87.61760255,55.04708743,81.52743992
107.0837619,88.77975072,-0.527231072,69.01032488,83.70468802,57.84178902,74.76444619
149.3568912,65.58910769,-1.584057581,100.5724222,130.372507,15.60236736,84.41334213
135.0268443,145.9683902,-0.765298519,128.2165987,85.12237153,97.12943584,15.50642667
75.08326785,149.5748075,-0.118441025,102.6855035,25.08687136,124.6100279,74.91793874
101.0082001,88.96701738,-0.665016958,64.1892898,79.54157058,62.59892089,78.26379381
50.2564214,133.4856953,-1.507309089,83.48608909,16.51629534,130.0716833,101.1014527
134.7020805,54.58894139,-0.571855134,84.82629793,127.5841391,15.97137204,96.62968719
147.1906397,132.7125504,-0.651403057,127.6220453,98.71614034,82.76024711,17.51423473
88.39304331,87.2831748,-0.233530793,53.5169216,73.53520203,72.01008426,87.9136922
87.19519627,111.9818648,-0.207677553,72.28578138,53.18704006,88.23941826,73.41540694
85.42610434,108.7402466,-0.251481763,68.59610364,54.38176278,87.29378309,76.62998926
96.95678229,88.96701738,-0.643408543,61.01940549,77.0062619,65.8180172,80.8616591
100.6762808,118.7318764,-0.107519667,85.39412316,59.54646072,84.59846403,58.39969889
56.41778434,56.0933758,-2.27215272,8.849699682,94.12567144,93.78038343,132.5748285
95.6372139,81.91762987,-0.119545098,55.69102611,81.96318939,63.04004766,87.12359976
50.02613795,75.46418259,-0.165964103,25.464196,74.53582199,103.1658746,124.7010873
111.9035581,115.4780341,-0.040935878,90.10784346,70.8788871,75.7542859,51.41113708
91.01637656,105.4900908,-0.696394549,69.00357474,60.52664835,80.98282543,73.8931651
